condition,scenario,config,n,completionRate,wilsonLo,wilsonHi,collisions,timeouts,offroad,completionTime_mean,completionTime_std,meanSpeed_mean,meanSpeed_std,minClearance_mean,minClearance_std,minTTC_mean,minTTC_std,jerkRMS_mean,jerkRMS_std,emergencyBrakes_mean,emergencyBrakes_std,latencyP50_mean,latencyP50_std,latencyP95_mean,latencyP95_std
nominal,cattle,PROPOSED,2,0.5,0.0945312057342307,0.905468794265769,1,0,0,35.1499999999995,30.2641702347834,6.40550910769249,1.91259808721926,0.830427150888902,1.17440133934993,0.696470976543507,0.984958700827061,10.5121515502114,3.11710682103429,1.5,0.707106781186548,42.703825,1.73534610704896,110.17125,21.7382585048987
nominal,highway,PROPOSED,2,1,0.342380227506653,1,0,0,0,47.3249999999994,2.15667568261885,8.09377227336646,0.367998422768298,2.17746472225194,0.546667994680425,4.14455426812676,0.0668821378341054,8.0284611598007,0.491813158471547,2.5,0.707106781186548,96.112475,11.6139106829375,164.2535225,23.7114081579948
nominal,intersection,PROPOSED,2,1,0.342380227506653,1,0,0,0,30.2750000000003,1.80312229202572,3.33436454289816,0.202864214469833,0.863947587290071,0.727903136622241,1.65315685173827,0.645294323716805,8.10270374115231,0.389317889768867,1,0,94.660925,24.6177458103143,309.58401,22.4755446035063
density x2,cattle,PROPOSED,2,0.5,0.0945312057342307,0.905468794265769,0,1,0,110.874999999996,26.9761237022656,1.8838590639441,1.75256777961799,0.786395219612129,1.03574650393665,0.95261391877189,0.485769725989233,5.08686710484562,5.40824374675072,2.5,3.53553390593274,78.0428,46.4313889691553,114.41282,58.2019308751935
density x2,highway,PROPOSED,2,1,0.342380227506653,1,0,0,0,48.0249999999994,1.44956890143234,7.98078323826522,0.234674646294135,2.92187916254346,2.31402596410005,5.11427586401807,0.987791163383134,6.44579029499525,0.519232628796394,1,0,89.456225,2.57772241547651,199.4582875,48.4013000731934
density x2,intersection,PROPOSED,2,0,0,0.657619772493347,0,2,0,93.6499999999968,0,0.593127526844235,0.0144831777313624,1.28094947067482,0.121361531545799,1.20345803074607,0.34863556554769,3.89485323604397,3.59130391169019,1,1.4142135623731,119.5769,19.9446538701478,349.6010875,4.37316906339242
sensor stress,cattle,STRESS-sensor,2,0.5,0.0945312057342307,0.905468794265769,1,0,0,36.2499999999994,31.8905158315124,6.40152167054511,2.18503311836811,0.554180609253627,0.783729733610664,0.610820885756779,0.863831180817983,8.62563238750495,3.43125670314344,1,0,36.4594,5.45349033922313,85.6178375,3.22345586358992
sensor stress,highway,STRESS-sensor,2,1,0.342380227506653,1,0,0,0,46.3249999999995,0.388908729652579,8.27181960866298,0.0504766870214202,4.52281445905105,0.973851825135723,5.53179292052056,0.131512506504372,4.87385019124115,2.39071882505254,0.5,0.707106781186548,88.95175,3.6343167232645,181.979175,7.83330770878113
sensor stress,intersection,STRESS-sensor,2,0,0,0.657619772493347,1,1,0,54.7749999999985,54.9775522372518,1.36812951303193,1.25789383269709,0.730527628631316,1.03312208009866,0.564773185280505,0.798709898288343,7.79939602027036,4.01865926838107,1,0,166.5852,65.3303026206063,283.9565675,26.5359391243765
unseen,unseen,BL1,2,0,0,0.657619772493347,1,1,0,51.4499999999982,70.0035713374657,2.68735646929894,2.61405296623033,0.0103710901556565,0.0146669363547235,0.509703128950858,0.720829077746306,2.52435829844261,0.513186547826753,0,0,148.0448,11.0591500577576,282.262525,103.087294506895
unseen,unseen,PROPOSED,2,0,0,0.657619772493347,2,0,0,10.3,5.65685424949244,1.14162859544247,0.375705385429802,0,0,1.12057812614176,1.58473678368831,2.17362617038554,0.0840870593353703,0,0,173.54615,48.6538255824246,275.661175,20.2631913329366
