scenario,config,seed,density,outcome,completed,collision,timeoutFail,offroadFail,completionTime,pathLength,meanSpeed,minClearance,minTTC,hazardTraversals,minPotholeClearance,jerkRMS,jerkMax,latAccRMS,curvatureMean,emergencyBrakes,wrongWayFlags,mergeDetections,replanCount,latencyP50,latencyP95,latencyMax,latencyUnder200,wallSeconds,cpuSeconds,stallFlag,rerunCount,ranOk,matlabRelease,cpu,gitCommit,timestamp
village,PROPOSED,1,1,goal,1,0,0,0,111.649999999996,243.973166535195,2.18418149413558,1.02262837258638,2.25956801936293,3,0,4.61464399459715,140,0.316342562456494,0.0196852221223604,1,4,7,228,85.2876,245.264709999999,5603.425,0.924798567591764,159.076577,311.6875,0,0,1,2026a,11th Gen Intel(R) Core(TM) i7-11800H @ 2.30GHz,not a git repository,2026-09-30 02:50:09
village,PROPOSED,2,1,timeout,0,0,1,0,177.500000000006,76.3427444706212,0.426786318042081,0.710360944516643,1.14623625998766,0,41.0097146383524,2.96932811694167,140,0.131264221172322,0.00188676317974991,1,2,7,43,139.3241,240.666575,1093.7238,0.846197183098592,267.6550251,438.96875,0,0,1,2026a,11th Gen Intel(R) Core(TM) i7-11800H @ 2.30GHz,not a git repository,2026-09-30 02:54:37
village,BL1,1,1,collision,0,1,0,0,6.39999999999999,44.2819339748236,6.91622739018088,0,0,0,1.66937515455008,1.22474487139159,4,0.328363024207022,0.00679004468707959,0,0,0,0,32.0023,67.02992,971.5888,0.984375,5.3301387,9.03125,0,0,1,2026a,11th Gen Intel(R) Core(TM) i7-11800H @ 2.30GHz,not a git repository,2026-09-30 02:54:42
village,BL1,2,1,collision,0,1,0,0,6.09999999999999,42.1073510870241,6.8989159891599,0,0,0,74.3667237285342,1.35501497178832,4,0.328737802770027,0.00682176006968963,0,0,0,0,32.2428,68.792185,566.3371,0.983606557377049,3.3278486,5.96875,0,0,1,2026a,11th Gen Intel(R) Core(TM) i7-11800H @ 2.30GHz,not a git repository,2026-09-30 02:54:45
village,BL2,1,1,goal,1,0,0,0,60.2499999999987,245.749189278777,4.07968670312003,1.10692994808111,0.745332031966451,2,0,2.70381500395559,10.5279585496223,0.562793824756022,0.0342026960917894,0,4,12,0,48.528,124.55274,689.7551,0.998341625207297,49.685452,79.984375,0,0,1,2026a,11th Gen Intel(R) Core(TM) i7-11800H @ 2.30GHz,not a git repository,2026-09-30 02:55:35
village,BL2,2,1,timeout,0,0,1,0,177.500000000006,82.2343668897166,0.448592199234983,0.649205364101327,1.02210067553781,0,37.0697804622506,0.7867253711037,21.5349824901518,0.18400147453179,0.00433424481175247,0,8,19,0,168.4278,260.269075,521.941,0.749295774647887,307.7354688,439.265625,0,0,1,2026a,11th Gen Intel(R) Core(TM) i7-11800H @ 2.30GHz,not a git repository,2026-09-30 03:00:43
village,BL3,1,1,timeout,0,0,1,0,177.500000000006,62.3099175177197,0.351051393762797,1.05499565031709,1.13962374019393,2,0,3.73730370636676,166,0.103363235781281,0.000600821398322235,1,1,0,77,146.5774,227.959,593.9462,0.872676056338028,327.3002746,448.96875,0,0,1,2026a,11th Gen Intel(R) Core(TM) i7-11800H @ 2.30GHz,not a git repository,2026-09-30 03:06:10
village,BL3,2,1,timeout,0,0,1,0,177.500000000006,74.8795244368157,0.41906850436168,0.277040398158596,0.917500523380378,0,42.4466026813474,3.40927479741218,140,0.137841017374055,0.00184033766882786,1,1,0,35,164.0105,268.453275,961.0612,0.755492957746479,309.3529656,450.609375,0,0,1,2026a,11th Gen Intel(R) Core(TM) i7-11800H @ 2.30GHz,not a git repository,2026-09-30 03:11:20
intersection,PROPOSED,1,1,collision,0,1,0,0,25.3500000000002,46.5657869432559,1.83312904143988,0,0,0,0.431294370755432,8.63905362581525,140,0.194421386760823,0.127021036806711,1,8,6,16,189.4741,412.14976,1154.9879,0.535433070866142,69.0499901,97.21875,0,0,1,2026a,11th Gen Intel(R) Core(TM) i7-11800H @ 2.30GHz,not a git repository,2026-09-30 03:12:29
intersection,PROPOSED,2,1,goal,1,0,0,0,32.2500000000003,102.293297657938,3.14421148907213,1.29660999634725,1.2768938436818,0,0.627902719483633,7.83973473121304,140,0.238171782431886,0.00989769491150066,1,4,5,64,106.1448,366.148965,597.2285,0.671826625386997,50.9046446,77.03125,0,0,1,2026a,11th Gen Intel(R) Core(TM) i7-11800H @ 2.30GHz,not a git repository,2026-09-30 03:13:20
intersection,BL1,1,1,collision,0,1,0,0,13.7000000000001,50.3299993884861,3.66051531895992,0,0,0,2.57662558119918,3.0531321588484,41.6466019198087,0,0,0,0,0,0,144.4707,205.9273,527.7534,0.897810218978102,24.3197676,27.9375,0,0,1,2026a,11th Gen Intel(R) Core(TM) i7-11800H @ 2.30GHz,not a git repository,2026-09-30 03:13:44
intersection,BL1,2,1,collision,0,1,0,0,7.19999999999998,47.8238331208703,6.62901096467277,0,0,0,2.59286526956719,1.60784740607564,4,0,0,0,0,0,0,172.4827,280.05157,583.7178,0.652777777777778,13.8970103,15.546875,0,0,1,2026a,11th Gen Intel(R) Core(TM) i7-11800H @ 2.30GHz,not a git repository,2026-09-30 03:13:58
intersection,BL2,1,1,timeout,0,0,1,0,74.8999999999979,44.9296052114634,0.594052897269809,1.18247190835742,1.24637320600127,0,1.18512777320945,1.14472075194625,7.68504841519132,0.187390855676421,0.00965729464942607,0,9,30,0,87.1342,167.19054,538.058,0.970627503337784,95.5405298,130.5625,0,0,1,2026a,11th Gen Intel(R) Core(TM) i7-11800H @ 2.30GHz,not a git repository,2026-09-30 03:15:33
intersection,BL2,2,1,collision,0,1,0,0,9.15,50.1778170286432,5.47662587885192,0,0,0,2.58971434323685,2.7168776406726,4,0.471152974652479,0.0165248479742954,0,3,10,0,151.23975,264.88777,545.5584,0.771739130434783,14.3836164,20.609375,0,0,1,2026a,11th Gen Intel(R) Core(TM) i7-11800H @ 2.30GHz,not a git repository,2026-09-30 03:15:48
intersection,BL3,1,1,goal,1,0,0,0,35.4000000000001,102.750878058479,2.87165483843352,0.221321567168714,1.54716965480142,2,0,10.9376652758816,169.710891839495,0.285280466248347,0.0229194205674614,2,7,1,48,97.00085,292.87648,563.022,0.694915254237288,59.6249112,83.921875,0,0,1,2026a,11th Gen Intel(R) Core(TM) i7-11800H @ 2.30GHz,not a git repository,2026-09-30 03:16:47
intersection,BL3,2,1,goal,1,0,0,0,32.9500000000003,102.300347513831,3.07708217542448,1.28618741377225,1.29503427312772,0,0.670629761904296,10.7215752687494,140.694792126279,0.23227796399664,0.0138546707575948,2,4,3,63,88.99185,306.0745,559.7722,0.642424242424242,49.1234589,70.65625,0,0,1,2026a,11th Gen Intel(R) Core(TM) i7-11800H @ 2.30GHz,not a git repository,2026-09-30 03:17:37
highway,PROPOSED,1,1,timeout,0,0,1,0,115.949999999996,379.941822106126,3.27660587027167,1.75913348266299,5.22135362755732,0,0.945995672354851,5.77062186976057,144.924987797148,0.267881382793853,0.00196942698984175,3,0,8,289,241.7098,321.13,552.0986,0.38448275862069,294.2442598,394.3125,0,0,1,2026a,11th Gen Intel(R) Core(TM) i7-11800H @ 2.30GHz,not a git repository,2026-09-30 03:22:31
highway,PROPOSED,2,1,timeout,0,0,1,0,115.949999999996,379.866233577271,3.27543358066371,5.59891010506756,4.09726145492401,0,0.787250440703802,6.782170036528,157.854034440376,0.252543997266195,0.00201053092180538,4,0,10,496,284.3088,411.7613,600.5085,0.225862068965517,314.9986575,422.734375,0,0,1,2026a,11th Gen Intel(R) Core(TM) i7-11800H @ 2.30GHz,not a git repository,2026-09-30 03:27:46
highway,BL1,1,1,goal,1,0,0,0,54.549999999999,381.497428949241,6.99574549095629,44.1972676896945,10,0,3.84842660258906,0.742784813651345,4,0.0371306715727673,0.000644619740485358,0,0,0,0,56.93215,178.73856,586.5853,0.965201465201465,56.7164723,63.078125,0,0,1,2026a,11th Gen Intel(R) Core(TM) i7-11800H @ 2.30GHz,not a git repository,2026-09-30 03:28:43
highway,BL1,2,1,goal,1,0,0,0,54.549999999999,381.497428949241,6.99574549095629,34.7156616927141,10,0,3.84842660258906,0.742784813651345,4,0.0371306715727673,0.000644619740485358,0,0,0,0,52.71785,152.79488,581.0941,0.992673992673993,40.3393188,49.5,0,0,1,2026a,11th Gen Intel(R) Core(TM) i7-11800H @ 2.30GHz,not a git repository,2026-09-30 03:29:23
highway,BL2,1,1,timeout,0,0,1,0,278.250000000029,381.936815779888,1.37173475826278,44.195224108856,10,0,3.39535457855609,0.732605628983033,19.78798786843,0.116101904199311,0.0111473910823006,0,0,0,0,274.0835,315.81928,762.4961,0.233201581027668,788.7560807,997.703125,0,0,1,2026a,11th Gen Intel(R) Core(TM) i7-11800H @ 2.30GHz,not a git repository,2026-09-30 03:42:32
highway,BL2,2,1,goal,1,0,0,0,170.950000000005,385.763404316354,2.25295828835241,34.748043691602,7.73285070287289,0,2.10470935847141,1.197610863328,17.8756264672173,0.25972670546525,0.0114025065234201,0,0,3,0,241.78805,315.2211,531.0018,0.350292397660819,346.7239699,458.046875,0,0,1,2026a,11th Gen Intel(R) Core(TM) i7-11800H @ 2.30GHz,not a git repository,2026-09-30 03:48:18
highway,BL3,1,1,timeout,0,0,1,0,115.949999999996,378.792196082965,3.26034132385934,14.8549468011568,5.03948168491122,0,0.489042341978408,2.42806975966098,21.5333670917464,0.24525303667535,0.0124307212025159,0,0,6,205,189.3392,274.56565,507.628,0.595689655172414,251.8039673,341.546875,0,0,1,2026a,11th Gen Intel(R) Core(TM) i7-11800H @ 2.30GHz,not a git repository,2026-09-30 03:52:30
highway,BL3,2,1,timeout,0,0,1,0,115.949999999996,376.940195572713,3.25276977476033,4.91718738218946,4.01483135804324,1,0,5.09489890538737,138.471975325411,0.209888089393416,0.0103615127227766,3,0,6,217,305.6267,368.5189,515.763,0.320689655172414,301.897968,398.546875,0,0,1,2026a,11th Gen Intel(R) Core(TM) i7-11800H @ 2.30GHz,not a git repository,2026-09-30 03:57:32
market,PROPOSED,1,1,collision,0,1,0,0,7.19999999999998,5.06357819106209,0.67799774218593,0,0,0,53.4783133037037,16.2479050132548,140,0.0488791095282783,0.0463420728217212,1,1,3,1,182.16325,248.74198,698.0887,0.611111111111111,17.8894943,28.25,0,0,1,2026a,11th Gen Intel(R) Core(TM) i7-11800H @ 2.30GHz,not a git repository,2026-09-30 03:57:50
market,PROPOSED,2,1,collision,0,1,0,0,3.65,6.38638387792869,1.74759430856808,0,2.25501548602796,0,63.558736421539,2.00329255576988,4,0.387031197576865,0.0989530320783124,0,0,0,0,246.7242,411.745905,1405.0926,0.351351351351351,9.6823523,16.046875,0,0,1,2026a,11th Gen Intel(R) Core(TM) i7-11800H @ 2.30GHz,not a git repository,2026-09-30 03:58:00
market,BL1,1,1,collision,0,1,0,0,14.7500000000001,46.2077432357152,3.13123221351291,0,0,0,12.6729441272849,3.36770637592947,32.0875001666159,0.0865953031294483,0.00372887451009271,0,0,0,0,157.4604,281.04011,546.0348,0.763513513513513,32.6848742,37.140625,0,0,1,2026a,11th Gen Intel(R) Core(TM) i7-11800H @ 2.30GHz,not a git repository,2026-09-30 03:58:32
market,BL1,2,1,collision,0,1,0,0,1.95,8.78379118673631,4.50502777777778,0,0,0,61.0933728026897,3.08843998459765,4,0.112216886568155,0.00452913359492357,0,0,0,0,143.8271,360.0388,546.1959,0.95,3.6075302,4.703125,0,0,1,2026a,11th Gen Intel(R) Core(TM) i7-11800H @ 2.30GHz,not a git repository,2026-09-30 03:58:36
market,BL2,1,1,collision,0,1,0,0,51.5499999999992,5.35191378921338,0.0981526212599176,0,0,0,53.445447301479,0.882511844711325,6.5089033689182,0.104796907676101,0.0130805062310296,0,1,6,0,81.114,164.65673,600.8453,0.988372093023256,66.6776503,113.921875,0,0,1,2026a,11th Gen Intel(R) Core(TM) i7-11800H @ 2.30GHz,not a git repository,2026-09-30 03:59:43
market,BL2,2,1,collision,0,1,0,0,12.3,20.0840781456034,1.63632487305249,0,2.17506278470351,0,50.4840531253573,2.92797058401197,6.77113886926698,0.376569545307587,0.0618652804037058,0,0,4,0,135.9728,191.055705,576.3942,0.967479674796748,18.4152675,29.625,0,0,1,2026a,11th Gen Intel(R) Core(TM) i7-11800H @ 2.30GHz,not a git repository,2026-09-30 04:00:01
market,BL3,1,1,collision,0,1,0,0,6.24999999999999,5.92519387826134,0.921371455223751,0,0,0,52.9390988567306,17.1236079430866,140,0.138854260431549,0.025713185769689,1,1,0,1,245.6483,344.941915,776.5402,0.412698412698413,17.592934,25.5625,0,0,1,2026a,11th Gen Intel(R) Core(TM) i7-11800H @ 2.30GHz,not a git repository,2026-09-30 04:00:19
market,BL3,2,1,collision,0,1,0,0,12.4,20.4670202332529,1.63644830505846,0,2.2650436741219,0,50.4920860941883,11.9902890806636,140,0.253310254221219,0.0565976362273659,1,0,0,1,184.07935,252.26221,646.8558,0.854838709677419,23.8019616,40.34375,0,0,1,2026a,11th Gen Intel(R) Core(TM) i7-11800H @ 2.30GHz,not a git repository,2026-09-30 04:00:43
cattle,PROPOSED,1,1,goal,1,0,0,0,81.8499999999975,285.65230503027,3.48976777669197,0.86452012762841,1.78795324916458,2,0,5.22213876911083,140,0.269456421483333,0.0160250034012231,1,0,3,165,66.761,108.143535,565.4288,0.995115995115995,62.3553436,96.84375,0,0,1,2026a,11th Gen Intel(R) Core(TM) i7-11800H @ 2.30GHz,not a git repository,2026-09-30 04:01:45
cattle,PROPOSED,2,1,collision,0,1,0,0,23.0500000000002,127.431826839115,5.51455854064694,0,0,0,1.41495649788574,8.14309884719568,140,0.474712950679958,0.0268490060376608,1,0,3,39,52.6424,131.504295,497.5491,0.995670995670996,13.9831356,26.109375,0,0,1,2026a,11th Gen Intel(R) Core(TM) i7-11800H @ 2.30GHz,not a git repository,2026-09-30 04:01:59
cattle,BL1,1,1,collision,0,1,0,0,22.4500000000002,144.90770665158,6.45423076675688,0,0,0,63.8958233876553,1.68346995044904,4,0.159667686331629,0.00302123290972179,0,0,0,0,27.3055,75.32475,485.0769,0.995555555555556,11.5977326,15.390625,0,0,1,2026a,11th Gen Intel(R) Core(TM) i7-11800H @ 2.30GHz,not a git repository,2026-09-30 04:02:10
cattle,BL1,2,1,goal,1,0,0,0,45.8999999999995,285.721321012043,6.22563969591337,0.943801550165399,0.802321662075486,1,0,1.89040543408656,44.7085373103211,0.187448335971902,0.00306104831697877,0,0,0,0,9.0983,60.969085,497.3289,0.997821350762527,12.559607,16.4375,0,0,1,2026a,11th Gen Intel(R) Core(TM) i7-11800H @ 2.30GHz,not a git repository,2026-09-30 04:02:23
cattle,BL2,1,1,collision,0,1,0,0,25.6500000000002,148.413599184641,5.78850527873442,0,0,0,61.4567849156869,2.28282864960116,4,0.333904767021964,0.0110417554937215,0,0,0,0,33.6033,57.594875,488.5157,0.996108949416342,12.7100089,20.671875,0,0,1,2026a,11th Gen Intel(R) Core(TM) i7-11800H @ 2.30GHz,not a git repository,2026-09-30 04:02:36
cattle,BL2,2,1,goal,1,0,0,0,71.9499999999981,287.803741841659,4.00129488405494,0.66514569417226,2.64265463114806,1,0,2.08976235657551,29.1174690119388,0.553895654640438,0.0376452136786554,0,0,4,0,32.70645,81.69415,470.0818,0.998611111111111,30.6428324,50.109375,0,0,1,2026a,11th Gen Intel(R) Core(TM) i7-11800H @ 2.30GHz,not a git repository,2026-09-30 04:03:06
cattle,BL3,1,1,goal,1,0,0,0,44.0499999999996,286.183199149638,6.48779939322333,0.775723991297109,1.67132185177922,2,0,11.7991705004176,190,0.399788120931697,0.0140704868162393,3,0,1,81,34.2246,126.23905,495.2313,0.979591836734694,25.6935337,40.40625,0,0,1,2026a,11th Gen Intel(R) Core(TM) i7-11800H @ 2.30GHz,not a git repository,2026-09-30 04:03:32
cattle,BL3,2,1,collision,0,1,0,0,13.9500000000001,106.086693261404,7.57384360861038,0,0,0,1.53073277599628,12.27309471834,142.497197685256,0.445709316008348,0.00618343957463327,1,0,0,25,45.9529,168.3463,498.5582,0.992857142857143,9.7497908,15.484375,0,0,1,2026a,11th Gen Intel(R) Core(TM) i7-11800H @ 2.30GHz,not a git repository,2026-09-30 04:03:42
