scenario,config,seed,density,outcome,completed,collision,timeoutFail,offroadFail,completionTime,pathLength,meanSpeed,minClearance,minTTC,hazardTraversals,minPotholeClearance,jerkRMS,jerkMax,latAccRMS,curvatureMean,emergencyBrakes,wrongWayFlags,mergeDetections,replanCount,latencyP50,latencyP95,latencyMax,latencyUnder200,stage_sense_p50,stage_sense_p95,stage_track_p50,stage_track_p95,stage_predict_p50,stage_predict_p95,stage_detect_p50,stage_detect_p95,stage_risk_p50,stage_risk_p95,stage_fsm_p50,stage_fsm_p95,stage_global_p50,stage_global_p95,stage_dwa_p50,stage_dwa_p95,stage_unaccounted_p50,wallSeconds,cpuSeconds,stallFlag,rerunCount,ranOk,matlabRelease,cpu,gitCommit,timestamp
village,PROPOSED,1,1,goal,1,0,0,0,99.3499999999965,243.194020687548,2.4466136879374,0.114659863332754,1.75667925387947,0,0.164382222391409,5.72272720239256,124,0.340150169484325,0.0177041378999775,2,3,10,152,58.7734,183.6381,3369.4396,0.969818913480885,21.5582,39.24154,17.6039,78.9424799999999,0.4037,1.21608,0.1435,0.65682,5.4453,10.16812,0.74115,1.97892,0.01485,38.2198199999999,8.29,21.26096,0.0656499999999944,117.5985959,214.34375,0,0,1,2026a,11th Gen Intel(R) Core(TM) i7-11800H @ 2.30GHz,not a git repository,2026-09-30 16:41:17
village,PROPOSED,2,1,timeout,0,0,1,0,177.500000000006,81.8326151974634,0.436224128544211,0.522598757712689,1.16211490932217,0,39.3179166018271,2.89079949581753,140,0.174327113737239,0.00751083590791353,1,2,15,299,156.0128,244.30735,1156.4653,0.851267605633803,28.57,46.85185,103.6429,167.4488,0.2484,0.8226,0.1015,0.325125,5.5975,9.090275,1.2243,2.44475,5.9386,18.368825,4.9337,15.620375,0.0478000000000236,295.0988095,440.9375,0,0,1,2026a,11th Gen Intel(R) Core(TM) i7-11800H @ 2.30GHz,not a git repository,2026-09-30 16:46:12
village,BL1,1,1,collision,0,1,0,0,6.39999999999999,44.3934339172256,6.93514211886305,0,0,0,1.66937515455008,1,4,0.329624814219964,0.00678940769242884,0,0,0,0,32.79855,71.16205,733.4768,0.984375,19.3105,25.9263,11.98255,41.33645,0,0,0,0,0,0,0.4437,1.30486,0.002,0.0190099999999999,0.0359,1.20034,0.0444000000000067,5.3702783,8.328125,0,0,1,2026a,11th Gen Intel(R) Core(TM) i7-11800H @ 2.30GHz,not a git repository,2026-09-30 16:46:18
village,BL1,2,1,collision,0,1,0,0,6.09999999999999,42.2648510048763,6.92655826558266,0,0,0,74.2165448779492,1.14519666862774,4,0.330560674708562,0.00682085371862953,0,0,0,0,30.53,52.492465,543.794,0.983606557377049,18.3109,23.3501,11.6767,27.66957,0,0,0,0,0,0,0.3864,0.61573,0.0019,0.00239,0.0346,0.30372,0.0423000000000044,3.0718179,5.078125,0,0,1,2026a,11th Gen Intel(R) Core(TM) i7-11800H @ 2.30GHz,not a git repository,2026-09-30 16:46:21
village,BL2,1,1,goal,1,0,0,0,54.599999999999,244.222889565225,4.47458257446609,0.228806361699,0.2,3,0,2.62866937640777,4,0.561419362388535,0.0260803314504839,0,2,16,0,45.6124,124.7474,662.0925,0.998168498168498,17.6467,27.57492,16.3332,76.9529999999999,0.24145,0.54112,0.1528,0.35502,5.4187,7.42426,0.57335,1.31446,0.0018,0.00271999999999999,4.1577,12.2097,0.0525000000000055,39.772437,63.796875,0,0,1,2026a,11th Gen Intel(R) Core(TM) i7-11800H @ 2.30GHz,not a git repository,2026-09-30 16:47:01
village,BL2,2,1,timeout,0,0,1,0,177.500000000006,96.7217068720664,0.529975945921034,1.37035289616489,1.71356408308358,0,22.3098617411024,0.767753134077555,15.0385749193586,0.170082203476645,0.00232218042473182,0,1,23,0,127.2741,191.92885,539.8951,0.962253521126761,26.3511,32.012575,90.3261,149.594025,0.2466,0.47355,0.1004,0.2718,5.2858,6.7002,1.0278,1.9723,0.0015,0.0022,3.3477,6.682675,0.0441999999999894,236.2705422,309.703125,0,0,1,2026a,11th Gen Intel(R) Core(TM) i7-11800H @ 2.30GHz,not a git repository,2026-09-30 16:50:57
village,BL3,1,1,timeout,0,0,1,0,177.500000000006,87.2302445426618,0.465788936275113,0.531770089513182,1.31877112047277,1,0,5.3290157703919,140,0.185930324187878,0.0030333489610862,3,3,0,672,142.2311,196.324825,535.1304,0.954366197183099,26.6963,35.24925,93.5241,136.4372,0.2643,0.6974,0.0895,0.236525,5.7634,7.74705,0.8984,1.795475,6.1184,22.203325,4.7954,13.486225,0.0433999999999912,299.9130996,376.453125,0,0,1,2026a,11th Gen Intel(R) Core(TM) i7-11800H @ 2.30GHz,not a git repository,2026-09-30 16:55:57
village,BL3,2,1,timeout,0,0,1,0,177.500000000006,84.7766763498204,0.446152584665664,0.793544151270044,1.14633250150709,0,37.6298501534014,4.66325137531811,168.901270695234,0.169805559471802,0.00169851696056349,2,0,2,172,149.2618,204.539025,529.3806,0.942535211267606,27.5473,36.994875,101.1359,144.863225,0.3036,0.6594,0.0957,0.201825,5.6798,7.3601,1.1253,2.2267,5.5049,18.22815,4.9544,14.59765,0.0446000000000026,269.3025126,353.453125,0,0,1,2026a,11th Gen Intel(R) Core(TM) i7-11800H @ 2.30GHz,not a git repository,2026-09-30 17:00:26
village,-riskmap,1,1,timeout,0,0,1,0,177.500000000006,59.997798061533,0.334546115596861,0.947219317580725,1.1340226832781,1,0,0.840434954174522,7.17736350590181,0.0954554352634267,0.000964480813348095,0,1,10,226,194.5939,296.969175,957.7271,0.549295774647887,37.1934,62.486775,133.6777,222.0954,0.2637,0.889375,0.1278,0.442275,6.2805,11.9529,1.1527,3.0128,6.1895,13.5207,4.3651,13.858325,0.0548999999999751,381.1201793,473.0625,0,0,1,2026a,11th Gen Intel(R) Core(TM) i7-11800H @ 2.30GHz,not a git repository,2026-09-30 17:06:48
village,-riskmap,2,1,timeout,0,0,1,0,177.500000000006,215.376393229917,1.20878614463187,0.243645596903501,2.15051876405517,3,0,5.81312096516725,154.957572594729,0.256205059792499,0.00768389956368235,3,1,7,327,26.9381,86.424275,580.6029,0.993239436619718,11.9499,19.876425,5.73,20.5392,0.2074,0.507025,0.0565,0.167825,3.7357,5.7811,0.4104,0.906275,0.0062,13.167025,2.4554,9.13175,0.0455000000000023,63.6868935,109.59375,0,0,1,2026a,11th Gen Intel(R) Core(TM) i7-11800H @ 2.30GHz,not a git repository,2026-09-30 17:07:52
village,-classpriors,1,1,goal,1,0,0,0,58.2499999999988,243.81623458023,4.18157067445185,0.347721803836473,2.01685648288167,2,0,8.52384860851781,190,0.542805758006868,0.0234548398633085,2,0,19,75,54.3501,168.973115,503.489,0.998284734133791,18.115,27.02068,18.9258,71.41781,0.3297,0.63899,0.1461,0.297435,5.4098,8.220425,0.7081,1.34363,0.0124,93.046265,5.7081,16.71291,0.0467000000000013,52.4232418,83.375,0,0,1,2026a,11th Gen Intel(R) Core(TM) i7-11800H @ 2.30GHz,not a git repository,2026-09-30 17:08:44
village,-classpriors,2,1,goal,1,0,0,0,56.9499999999989,243.832360537775,4.26783743987548,0.342378210832154,2.3450845019571,1,0,9.89791398352235,159.475742039773,0.455310942725669,0.0194008427214748,3,1,1,97,35.06385,149.3146,502.9864,0.998245614035088,13.4956,22.7933,7.469,44.9222,0.19695,0.5773,0.0759,0.2703,4.68035,7.0907,0.4888,1.1195,0.0067,95.5221,4.67945,10.5482,0.0458000000000034,29.5802416,49.59375,0,0,1,2026a,11th Gen Intel(R) Core(TM) i7-11800H @ 2.30GHz,not a git repository,2026-09-30 17:09:14
village,-uncertainty,1,1,timeout,0,0,1,0,177.500000000006,95.4488607923327,0.487569171222355,0.798949527430479,1.32623067585477,1,0,5.21245302759097,171.358922498568,0.191008974696012,0.0229140228464659,2,1,11,202,97.7296,178.531775,520.969,0.978591549295775,22.6691,29.1172,59.9143,115.9363,0.1598,0.34345,0.086,0.235425,4.8512,6.769475,0.8523,1.6131,3.6355,27.97355,3.8203,11.10895,0.04200000000003,225.3167237,299.578125,0,0,1,2026a,11th Gen Intel(R) Core(TM) i7-11800H @ 2.30GHz,not a git repository,2026-09-30 17:12:59
village,-uncertainty,2,1,timeout,0,0,1,0,177.500000000006,82.8987973447326,0.461722791720328,0.488963756235574,1.38103377083404,0,35.0011046263285,4.69038975199665,144.092856564445,0.162574127051985,0.0093332077276362,2,0,8,974,134.5177,161.4557,507.0067,0.985915492957746,26.7425,29.563425,88.0205,103.4798,0.1664,0.31685,0.0869,0.174975,5.2207,6.204675,1.0583,2.033625,8.6172,13.462075,3.8369,11.193175,0.0422000000000367,236.630465,318.40625,0,0,1,2026a,11th Gen Intel(R) Core(TM) i7-11800H @ 2.30GHz,not a git repository,2026-09-30 17:16:56
village,-context,1,1,goal,1,0,0,0,99.3499999999965,243.194020687548,2.4466136879374,0.114659863332754,1.75667925387947,0,0.164382222391409,5.72272720239256,124,0.340150169484325,0.0177041378999775,2,3,10,152,41.9058,141.8317,509.6576,0.998993963782696,15.7248,25.56786,12.62025,63.6739799999999,0.2839,0.62338,0.1056,0.23234,4.76085,7.7127,0.5096,1.18436,0.0056,29.4867799999999,6.04285,14.8735,0.0456000000000074,74.7467827,113.5,0,0,1,2026a,11th Gen Intel(R) Core(TM) i7-11800H @ 2.30GHz,not a git repository,2026-09-30 17:18:11
village,-context,2,1,timeout,0,0,1,0,177.500000000006,81.8326151974634,0.436224128544211,0.522598757712689,1.16211490932217,0,39.3179166018271,2.89079949581753,140,0.174327113737239,0.00751083590791353,1,2,15,299,143.8704,176.77855,493.2925,0.987605633802817,27.2198,29.56785,95.391,123.668075,0.2256,0.5483,0.0943,0.21685,5.9897,7.1051,1.0725,2.00065,5.6211,18.100025,4.1408,13.71355,0.0431999999999846,252.0985219,333.046875,0,0,1,2026a,11th Gen Intel(R) Core(TM) i7-11800H @ 2.30GHz,not a git repository,2026-09-30 17:22:23
village,-wrongside,1,1,timeout,0,0,1,0,177.500000000006,107.848148575898,0.49880328467557,1.09247842918255,1.37359725173298,1,0,3.55346875891143,149.213577186231,0.155320161215339,0.0205483608797894,1,2,8,143,131.3736,172.60445,509.0886,0.981971830985915,25.7893,29.191575,83.9693,115.787525,0.2494,0.61605,0.1115,0.2459,6.2653,7.655775,0.7066,1.547825,4.7793,31.08775,3.9328,10.857075,0.0426000000000215,232.7578262,308.96875,0,0,1,2026a,11th Gen Intel(R) Core(TM) i7-11800H @ 2.30GHz,not a git repository,2026-09-30 17:26:16
village,-wrongside,2,1,timeout,0,0,1,0,177.500000000006,80.2138853753007,0.437487340427393,0.598848710443607,1.15178708447767,0,39.0349632672067,3.17437819631413,140,0.172904686946684,0.00621274498554713,1,0,11,657,122.5403,160.997475,491.6013,0.992112676056338,25.7712,28.774025,74.4594,107.31755,0.1696,0.56485,0.0792,0.20395,5.8262,7.118775,0.8698,1.632475,5.8012,18.3176,3.8721,9.830325,0.0422999999999831,218.4556271,294.46875,0,0,1,2026a,11th Gen Intel(R) Core(TM) i7-11800H @ 2.30GHz,not a git repository,2026-09-30 17:29:54
intersection,PROPOSED,1,1,goal,1,0,0,0,31.5500000000003,100.840181827471,3.19091788118646,1.37865283124262,2.10944884389961,0,0.257388088633691,7.82741442125951,140,0.237302853004221,0.0256163951719603,1,4,5,68,68.6225,311.95775,697.792,0.661392405063291,21.3414,38.07783,26.95415,165.82032,0.44855,1.20655,0.1707,0.54737,5.6783,9.11202,0.96135,1.79315,4.4538,114.26949,11.7861,35.17281,0.0482000000000049,50.4598025,70.484375,0,0,1,2026a,11th Gen Intel(R) Core(TM) i7-11800H @ 2.30GHz,not a git repository,2026-09-30 17:30:45
intersection,PROPOSED,2,1,goal,1,0,0,0,29.0000000000003,101.103455578136,3.47781120460986,0.349242343337526,1.19686485957693,0,1.37645729873901,8.37799306104511,140,0.313900269706138,0.0234665227063148,1,5,4,62,111.8112,298.7612,545.5554,0.813793103448276,24.473,38.2202,48.95425,118.8033,0.6849,1.2567,0.2153,0.457,6.43315,9.5061,0.94285,1.7582,3.58855,114.328,12.72505,39.0337,0.0486500000000021,35.1306123,52.9375,0,0,1,2026a,11th Gen Intel(R) Core(TM) i7-11800H @ 2.30GHz,not a git repository,2026-09-30 17:31:20
intersection,BL1,1,1,collision,0,1,0,0,13.8500000000001,50.3464558627321,3.62145159928921,0,0,0,2.57662558119918,3.06346980176698,41.6882696219049,0,0,0,0,0,0,137.1646,201.90625,517.1423,0.935251798561151,32.4584,41.03046,102.2939,162.224675,0,0,0,0,0,0,0.7958,1.866625,0.002,0.0025,0.099,0.239375,0.044900000000041,22.4560275,26.515625,0,0,1,2026a,11th Gen Intel(R) Core(TM) i7-11800H @ 2.30GHz,not a git repository,2026-09-30 17:31:42
intersection,BL1,2,1,collision,0,1,0,0,7.14999999999998,47.9086245899947,6.68837771832522,0,0,0,2.59286526956719,1.61344759864523,4,0,0,0,0,0,0,164.2059,263.85012,516.7066,0.652777777777778,36.5435,43.65326,127.62215,219.48618,0,0,0,0,0,0,1.3599,1.6364,0.0021,0.0025,0.1098,0.14427,0.045299999999969,13.1747471,15.15625,0,0,1,2026a,11th Gen Intel(R) Core(TM) i7-11800H @ 2.30GHz,not a git repository,2026-09-30 17:31:55
intersection,BL2,1,1,timeout,0,0,1,0,74.8999999999979,47.2059475752764,0.621607161784601,1.20659045799063,0.93128412384714,0,0.994834373436881,1.25367214687175,12.2469310381356,0.145886050825861,0.0121124920329225,0,6,12,0,67.3339,171.990705,519.7227,0.973297730307076,26.5048,35.8126,32.6075,118.94779,0.1231,0.707739999999999,0.0707,0.43635,4.4288,7.409785,0.5958,1.45679,0.0016,0.0023,2.6465,13.88059,0.0407999999999973,78.5195714,101.3125,0,0,1,2026a,11th Gen Intel(R) Core(TM) i7-11800H @ 2.30GHz,not a git repository,2026-09-30 17:33:14
intersection,BL2,2,1,collision,0,1,0,0,8.99999999999999,51.0571826157049,5.66614305337999,0,0,0,2.58971434323685,2.85956061464406,4,0.729896075142023,0.0306250424502422,0,3,12,0,145.67795,249.0431,571.5797,0.777777777777778,35.541,43.1683,87.968,176.0559,0.77605,1.08,0.43855,0.706,7.18175,8.6477,1.46355,1.9897,0.002,0.0354,10.6985,18.6962,0.0511999999999944,13.5399447,17.953125,0,0,1,2026a,11th Gen Intel(R) Core(TM) i7-11800H @ 2.30GHz,not a git repository,2026-09-30 17:33:27
intersection,BL3,1,1,goal,1,0,0,0,34.1000000000002,101.244216258116,2.95873785667749,0.0380403454536492,0.35,0,0.506313495618197,11.6312539185231,190,0.222518442895867,0.0302094001027809,2,6,0,73,78.3701,314.473645,561.0614,0.609970674486804,23.5924,39.63351,28.6999,158.33802,0.5293,1.569285,0.1582,0.595719999999999,5.7064,8.496645,0.841,1.696935,6.6182,115.83059,10.3454,26.254525,0.0488,57.1665452,81.265625,0,0,1,2026a,11th Gen Intel(R) Core(TM) i7-11800H @ 2.30GHz,not a git repository,2026-09-30 17:34:25
intersection,BL3,2,1,goal,1,0,0,0,30.7500000000003,101.873593748183,3.28739869481947,0.573679037696876,0.987092818366329,0,1.25148164161145,7.56172706618982,140,0.239290429162579,0.00770036716699697,1,3,0,64,92.39535,309.67491,547.4442,0.665584415584416,24.5276,38.70835,36.5965,163.38599,0.7719,1.34666,0.2023,0.41442,6.34685,8.47964,0.94595,1.65997,4.51895,113.96491,8.8344,36.44024,0.0450999999999979,41.276439,57.8125,0,0,1,2026a,11th Gen Intel(R) Core(TM) i7-11800H @ 2.30GHz,not a git repository,2026-09-30 17:35:06
intersection,-riskmap,1,1,goal,1,0,0,0,34.8000000000002,100.487818597988,2.88849052464898,1.04212027647671,2.06623368915527,0,0.363264276117793,2.53147793509693,8.63695885039492,0.208347787021074,0.0238166404021538,0,4,4,72,55.08815,299.45389,523.0001,0.672413793103448,20.258,39.76134,12.7216,171.36276,0.35695,1.12734,0.1701,0.50457,5.0853,8.67379,0.6085,1.68549,4.6695,112.77637,10.56945,28.66045,0.0475500000000011,53.7200802,74.96875,0,0,1,2026a,11th Gen Intel(R) Core(TM) i7-11800H @ 2.30GHz,not a git repository,2026-09-30 17:36:00
intersection,-riskmap,2,1,goal,1,0,0,0,31.8500000000003,101.546233468499,3.17056428972464,1.21207570711462,1.46779177686647,0,0.979127703529224,7.51637828590714,140,0.187500738196594,0.0246799910347118,1,5,5,84,100.1245,291.588625,546.0038,0.755485893416928,24.3089,38.191705,36.0434,162.18252,0.6541,1.18585,0.1886,0.499475,5.7458,9.05507,0.9047,1.77154,4.4986,112.723735,7.8502,35.696485,0.0480000000000018,39.4317768,56.53125,0,0,1,2026a,11th Gen Intel(R) Core(TM) i7-11800H @ 2.30GHz,not a git repository,2026-09-30 17:36:39
intersection,-classpriors,1,1,goal,1,0,0,0,75.5999999999978,101.563464874448,1.33702096947304,0.026843198443363,0.25,0,0.378636205509712,1.52122775018554,12.7975591408763,0.120837316351802,0.00827359038834741,0,6,7,175,129.5906,253.03078,532.8951,0.876984126984127,32.06735,39.59334,76.79045,140.08635,0.22805,0.890169999999999,0.12915,0.41572,5.0073,8.13767,0.6739,1.62161,5.20695,111.43076,3.7536,21.42673,0.0428499999999943,117.6061209,148.984375,0,0,1,2026a,11th Gen Intel(R) Core(TM) i7-11800H @ 2.30GHz,not a git repository,2026-09-30 17:38:37
intersection,-classpriors,2,1,goal,1,0,0,0,30.1000000000003,101.568056761117,3.35341350075069,1.18134400789821,1.41299115031245,0,1.1162306645272,8.10665562816537,140,0.2206770749604,0.0241906169297853,1,4,8,87,92.2469,288.9252,540.9464,0.747508305647841,24.5893,37.8894,38.5571,156.44075,0.5355,0.98407,0.202,0.45226,5.8368,8.756715,0.9199,1.73364,4.4462,110.48584,8.8557,32.401355,0.0454999999999899,37.0755681,52.765625,0,0,1,2026a,11th Gen Intel(R) Core(TM) i7-11800H @ 2.30GHz,not a git repository,2026-09-30 17:39:14
intersection,-uncertainty,1,1,timeout,0,0,1,0,93.6499999999968,44.6316854336111,0.469230819853427,1.29916312779842,1.21732489908408,0,0.792607207048051,5.27621062802072,175.038381864654,0.0976191604649206,0.00325788502861619,1,4,8,620,133.9813,249.9276,549.7191,0.924226254002134,35.5698,38.63423,79.1468,94.605545,0.144,0.49164,0.1205,0.351975,4.5413,6.73585,0.8291,1.52944,10.2001,108.97143,3.6229,20.283775,0.0417000000000485,155.6707512,192.984375,0,0,1,2026a,11th Gen Intel(R) Core(TM) i7-11800H @ 2.30GHz,not a git repository,2026-09-30 17:41:50
intersection,-uncertainty,2,1,collision,0,1,0,0,15.7000000000001,37.7547365843245,2.36559081080334,0,0,0,1.30160461662369,11.0295451239817,140,0.149271502288255,0.00471870089981772,1,4,3,55,206.6216,303.292885,554.9449,0.445859872611465,35.5088,39.158435,106.5063,185.359795,0.495,0.71543,0.3309,0.52127,6.6376,7.619325,1.3643,1.82887,10.3456,110.592785,13.2895,38.4629,0.0482000000000085,33.4929918,42.46875,0,0,1,2026a,11th Gen Intel(R) Core(TM) i7-11800H @ 2.30GHz,not a git repository,2026-09-30 17:42:23
intersection,-context,1,1,goal,1,0,0,0,31.7000000000003,101.055876127052,3.17977209561499,1.24749654281142,1.67097250813804,1,0,8.17554895673463,140,0.242383550278524,0.0319146161352108,1,5,8,54,73.8209,300.324895,516.7516,0.722397476340694,23.9816,37.8706,32.1852,127.432,0.398,1.10048,0.1717,0.52,6.1759,9.274445,0.9708,1.676825,4.4743,113.351545,10.9532,29.550505,0.0472999999999999,47.8687801,65.515625,0,0,1,2026a,11th Gen Intel(R) Core(TM) i7-11800H @ 2.30GHz,not a git repository,2026-09-30 17:43:11
intersection,-context,2,1,collision,0,1,0,0,11.4,41.2837628257221,3.57995820642596,0,0,0,0.9797244229419,12.4296250922081,140,0.268662107142597,0.0676906187121502,1,3,7,17,187.6823,294.07936,540.412,0.62280701754386,34.2812,39.43548,99.87555,183.02718,1.00795,1.26222,0.3362,0.45386,8.36645,9.44426,1.3908,1.77656,4.8218,110.63858,16.7724,40.47152,0.0498499999999922,22.4259147,29.84375,0,0,1,2026a,11th Gen Intel(R) Core(TM) i7-11800H @ 2.30GHz,not a git repository,2026-09-30 17:43:33
intersection,-wrongside,1,1,goal,1,0,0,0,34.4500000000002,100.893398161645,2.92446952167841,0.509844897161486,1.22853783579299,1,0,7.67025088351759,140,0.22264522929129,0.0336455026310444,1,2,6,72,49.9187,283.7308,540.6866,0.710144927536232,19.2678,37.669375,14.1233,127.944875,0.3153,1.10565,0.1421,0.462275,5.3412,8.693225,0.6483,1.6519,4.8834,112.6396,6.714,29.1247,0.0460000000000491,50.5119308,69.21875,0,0,1,2026a,11th Gen Intel(R) Core(TM) i7-11800H @ 2.30GHz,not a git repository,2026-09-30 17:44:24
intersection,-wrongside,2,1,collision,0,1,0,0,15.7500000000001,38.3557568758394,2.39641905658289,0,0,0,1.35449134837084,10.5465174904848,140,0.327428113521287,0.0411357041538534,1,5,6,43,195.2709,291.59072,559.6252,0.531645569620253,34.751,39.06472,94.2728,198.37818,0.93505,1.23734,0.3203,0.48786,7.8827,9.00326,1.3232,1.84456,6.9199,113.09234,17.7194,38.527,0.0477999999999952,33.0247131,43.9375,0,0,1,2026a,11th Gen Intel(R) Core(TM) i7-11800H @ 2.30GHz,not a git repository,2026-09-30 17:44:57
highway,PROPOSED,1,1,goal,1,0,0,0,45.7999999999995,382.567479570097,8.35398645357187,2.56401736834812,4.19184708132951,1,0,7.68069674036869,136,0.304526222503436,0.00176806434209683,2,0,11,72,105.57515,179.82834,608.8456,0.975982532751092,21.5893,29.96548,46.502,94.6821199999999,0.5058,0.87572,0.23405,0.34236,7.19315,8.66114,1.44565,2.37396,0.0061,87.596,10.18365,24.60802,0.0479500000000073,62.1549089,85.609375,0,0,1,2026a,11th Gen Intel(R) Core(TM) i7-11800H @ 2.30GHz,not a git repository,2026-09-30 17:45:59
highway,PROPOSED,2,1,goal,1,0,0,0,48.8499999999994,382.753498815823,7.83355809316104,1.79091207615576,4.09726145492401,1,0,8.3762255792327,140,0.341700961521534,0.00623531223635168,3,0,8,94,88.0738,144.61086,524.7808,0.967280163599182,21.2765,27.89063,45.5837,74.79792,0.4854,0.83608,0.2072,0.37291,6.2976,8.392915,1.39,2.277055,0.0057,31.2458699999998,8.9377,19.28302,0.0457000000000107,44.802406,66.421875,0,0,1,2026a,11th Gen Intel(R) Core(TM) i7-11800H @ 2.30GHz,not a git repository,2026-09-30 17:46:44
highway,BL1,1,1,goal,1,0,0,0,53.9999999999991,381.588074482607,7.07082978294311,44.1972676896945,10,0,3.84842660258906,0.578901132802086,4,0.0373887804523666,0.000646549279771732,0,0,0,0,27.211,74.74435,508.7914,0.998148148148148,13.84685,22.75655,12.5393,50.9868,0,0,0,0,0,0,0.60095,1.14065,0.0019,0.0025,0.0392,0.07845,0.0403500000000001,29.9726273,34.484375,0,0,1,2026a,11th Gen Intel(R) Core(TM) i7-11800H @ 2.30GHz,not a git repository,2026-09-30 17:47:14
highway,BL1,2,1,goal,1,0,0,0,53.9999999999991,381.588074482607,7.07082978294311,34.7156616927141,10,0,3.84842660258906,0.578901132802086,4,0.0373887804523666,0.000646549279771732,0,0,0,0,27.2475,74.95105,487.4647,0.996296296296296,13.75585,23.10085,12.51145,50.4944,0,0,0,0,0,0,0.5926,1.11735,0.00155,0.0022,0.03155,0.0721,0.0372999999999992,22.0471747,27.296875,0,0,1,2026a,11th Gen Intel(R) Core(TM) i7-11800H @ 2.30GHz,not a git repository,2026-09-30 17:47:36
highway,BL2,1,1,goal,1,0,0,0,54.0999999999991,381.959775807865,7.06414693200243,44.195224108856,10,0,3.39535457855609,0.709462414034788,4,0.179388365203347,0.000841256030530771,0,0,0,0,41.2075,100.78033,499.0368,0.99815157116451,14.7127,24.247705,13.4517,53.91421,0.3555,0.71901,0.1948,0.357085,4.0496,5.69151,0.6927,1.438655,0.0015,0.0024,7.3659,14.284515,0.0484000000000009,35.5593915,46.875,0,0,1,2026a,11th Gen Intel(R) Core(TM) i7-11800H @ 2.30GHz,not a git repository,2026-09-30 17:48:12
highway,BL2,2,1,goal,1,0,0,0,54.2499999999991,382.76128003185,7.05934632838699,34.748043691602,7.73285070287289,0,3.57135926655785,0.719530043270518,4,0.427578300708788,0.00381922063759124,0,0,1,0,35.7498,79.542255,551.5327,0.998158379373849,13.2887,22.5585,10.9273,40.14763,0.3361,0.62999,0.1627,0.32244,3.8646,5.224005,0.6295,1.113005,0.0014,0.0021,6.709,11.81351,0.044000000000004,23.8482657,34.203125,0,0,1,2026a,11th Gen Intel(R) Core(TM) i7-11800H @ 2.30GHz,not a git repository,2026-09-30 17:48:35
highway,BL3,1,1,goal,1,0,0,0,44.5999999999996,385.264086112812,8.64133592284112,3.64087489200504,10,1,0,5.94156475532889,142.679978082788,0.314114799778145,0.00712723437218048,1,0,1,58,85.51235,177.5968,492.5878,0.988789237668161,19.7911,26.68268,41.3201,66.36318,0.601,1.00502,0.19625,0.30438,6.50375,7.7406,1.21415,1.96622,2.19925,83.1809,6.73625,15.16836,0.0448999999999984,53.3744864,75.203125,0,0,1,2026a,11th Gen Intel(R) Core(TM) i7-11800H @ 2.30GHz,not a git repository,2026-09-30 17:49:29
highway,BL3,2,1,goal,1,0,0,0,46.6999999999995,384.105923294792,8.22460886353057,3.05730710765951,2.69868038859024,1,0,10.2796315454331,158,0.413911122300745,0.00536084587585094,6,0,2,86,91.0692,142.66433,491.3295,0.997858672376874,19.7406,27.63178,44.4481,75.533885,0.6087,0.983805,0.196,0.3163,6.4098,7.743765,1.2128,1.87194,0.0057,57.03382,8.4806,20.359505,0.0446000000000168,44.9376166,66.171875,0,0,1,2026a,11th Gen Intel(R) Core(TM) i7-11800H @ 2.30GHz,not a git repository,2026-09-30 17:50:14
highway,-riskmap,1,1,goal,1,0,0,0,46.0499999999995,382.420795743929,8.30791754684454,4.06220919787223,5.07716200048932,0,0.169228803867357,7.34536318545834,142,0.301161656309235,0.00141995364048576,2,0,10,90,95.4733,175.055445,491.8179,0.973969631236443,21.41,29.439795,51.8403,86.62948,0.5234,0.85787,0.2172,0.324185,6.6918,8.301585,1.3667,2.03144,0.0057,84.869055,9.4636,17.07759,0.0449000000000126,57.6338317,79.390625,0,0,1,2026a,11th Gen Intel(R) Core(TM) i7-11800H @ 2.30GHz,not a git repository,2026-09-30 17:51:11
highway,-riskmap,2,1,goal,1,0,0,0,46.8999999999995,382.688509582325,8.15934094254449,2.77244201097542,3.82954072315077,1,0,7.12672253555169,140,0.365078154298417,0.00531536525412995,3,0,9,79,93.3666,158.49302,509.6114,0.974413646055437,20.4719,28.836475,40.8819,87.002815,0.4926,0.85652,0.1836,0.35161,6.3065,8.35729,1.2502,2.282205,0.0058,85.50544,8.8934,19.02877,0.0466000000000015,47.9509562,69.171875,0,0,1,2026a,11th Gen Intel(R) Core(TM) i7-11800H @ 2.30GHz,not a git repository,2026-09-30 17:51:59
highway,-classpriors,1,1,goal,1,0,0,0,46.3499999999995,382.634722614344,8.255962856335,5.63902639359335,4.67822547382967,0,4.45671623433332,2.92677456267227,4,0.299280299966507,0.00427111828363743,0,0,0,86,58.96585,128.19767,506.1529,0.995689655172414,18.4052,23.96249,24.41755,57.28288,0.4432,0.87458,0.143,0.29915,5.3528,6.62114,0.85265,1.79622,0.0056,41.7838699999998,6.48645,12.87128,0.0453999999999972,40.2815101,57.28125,0,0,1,2026a,11th Gen Intel(R) Core(TM) i7-11800H @ 2.30GHz,not a git repository,2026-09-30 17:52:40
highway,-classpriors,2,1,goal,1,0,0,0,48.5499999999994,382.206679849435,7.87428002383175,4.0504553086193,4.09413765218306,0,1.59230849252699,7.04482576928197,139.647637923324,0.353995330872669,0.00168908584469167,2,0,12,94,75.6127,163.35294,487.8529,0.979423868312757,20.0439,28.3001,36.6946,79.33928,0.56265,1.03772,0.18725,0.35984,5.92675,7.52856,1.11775,1.909,0.0055,35.49374,8.7195,18.53944,0.0456000000000003,42.3555306,62.546875,0,0,1,2026a,11th Gen Intel(R) Core(TM) i7-11800H @ 2.30GHz,not a git repository,2026-09-30 17:53:22
highway,-uncertainty,1,1,goal,1,0,0,0,48.4999999999994,382.852883762267,7.89377599067198,3.83097502685053,3.56719469914455,0,2.96487222580858,6.5900306290375,132,0.268683826628137,0.00790805106336676,2,0,3,93,65.5544,104.511825,486.7564,0.997938144329897,18.0726,22.058425,29.9892,55.17155,0.3046,0.509975,0.152,0.26125,4.8262,5.802475,0.868,1.6477,0.0055,12.7143,7.4784,16.108775,0.0450999999999908,39.803242,54.21875,0,0,1,2026a,11th Gen Intel(R) Core(TM) i7-11800H @ 2.30GHz,not a git repository,2026-09-30 17:54:02
highway,-uncertainty,2,1,goal,1,0,0,0,46.5999999999995,382.405992671506,8.20566433839764,3.84822658529869,4.68420899164563,0,1.40160579892647,7.4092735113028,143.039224825158,0.408648135326938,0.0014224261928225,3,0,14,91,80.6173,141.81466,487.4077,0.997854077253219,20.10985,26.09218,39.3709,73.02602,0.39,0.62216,0.20635,0.3771,5.3247,6.519,1.1529,2.05044,0.0055,34.69154,9.68235,17.94758,0.0457000000000107,41.9881023,59.53125,0,0,1,2026a,11th Gen Intel(R) Core(TM) i7-11800H @ 2.30GHz,not a git repository,2026-09-30 17:54:44
highway,-context,1,1,goal,1,0,0,0,54.999999999999,381.853634612333,6.94545101793717,44.195224108856,10,0,3.48580181519432,1.685334367885,4,0.164118307682008,0.00114345178265517,0,0,0,110,28.77175,97.7578,498.5128,0.998181818181818,12.6036,22.8125,5.04795,50.0016,0.1536,0.6769,0.13455,0.3273,3.7359,5.3609,0.5092,1.3508,0.0058,4.8774,3.9302,14.8898,0.0470999999999986,32.0475448,45.25,0,0,1,2026a,11th Gen Intel(R) Core(TM) i7-11800H @ 2.30GHz,not a git repository,2026-09-30 17:55:16
highway,-context,2,1,goal,1,0,0,0,54.949999999999,381.945383329213,6.95324999820845,34.7503312630392,7.69754324249033,0,2.46171558658704,1.43729777016306,4,0.282787662817493,0.0013750736008774,0,0,1,110,31.5482,93.3992,511.2899,0.998181818181818,12.7427,22.6878,7.03015,47.894,0.166,0.6909,0.1454,0.3165,3.9589,5.4769,0.54905,1.383,0.0057,4.8819,4.6486,14.6318,0.046599999999998,24.5944542,37.5625,0,0,1,2026a,11th Gen Intel(R) Core(TM) i7-11800H @ 2.30GHz,not a git repository,2026-09-30 17:55:41
highway,-wrongside,1,1,goal,1,0,0,0,45.7999999999995,382.567479570097,8.35398645357187,2.56401736834812,4.19184708132951,1,0,7.68069674036869,136,0.304526222503436,0.00176806434209683,2,0,11,72,102.96185,180.4059,509.9858,0.973799126637555,21.28055,29.48514,47.03625,94.06808,0.50685,0.84806,0.22895,0.33236,6.84385,8.30766,1.45115,2.38036,0.0063,87.71834,10.21785,24.70164,0.0473499999999945,62.0133616,83.453125,0,0,1,2026a,11th Gen Intel(R) Core(TM) i7-11800H @ 2.30GHz,not a git repository,2026-09-30 17:56:43
highway,-wrongside,2,1,goal,1,0,0,0,48.8499999999994,382.753498815823,7.83355809316104,1.79091207615576,4.09726145492401,1,0,8.3762255792327,140,0.341700961521534,0.00623531223635168,3,0,8,94,87.7613,144.44376,620.9306,0.967280163599182,20.914,28.1218,45.5603,73.945805,0.4897,0.82359,0.2011,0.366435,6.2619,8.33475,1.3585,2.26224,0.0056,30.9645249999998,8.8355,19.56492,0.0451999999999799,44.6970558,63.453125,0,0,1,2026a,11th Gen Intel(R) Core(TM) i7-11800H @ 2.30GHz,not a git repository,2026-09-30 17:57:27
market,PROPOSED,1,1,collision,0,1,0,0,7.39999999999998,4.88082281139548,0.637402054584496,0,0,0,53.8544547188016,15.5291180834797,140,0.0432768999810619,0.061728603286922,1,1,6,5,207.7232,278.91748,663.1237,0.418918918918919,40.6715,46.68122,111.9625,157.79034,1.0562,1.47006,0.3528,0.53946,13.1648,14.93772,1.539,2.1008,8.2985,68.02842,19.48255,45.14298,0.047799999999981,19.3276917,29.484375,0,0,1,2026a,11th Gen Intel(R) Core(TM) i7-11800H @ 2.30GHz,not a git repository,2026-09-30 17:57:47
market,PROPOSED,2,1,collision,0,1,0,0,6.24999999999999,5.62898117339332,0.901583261679976,0,0,0,64.2790061051799,2.39773413657722,8.13857750348462,0.108214824067195,0.0341690248769037,0,0,0,4,197.228,345.29907,1628.453,0.523809523809524,39.3535,46.081865,86.7073,121.08206,0.733,0.893705,0.2153,0.314535,11.6645,12.66555,0.9829,1.373755,56.1446,183.02383,13.3503,29.579895,0.0472000000000321,14.7886709,22.25,0,0,1,2026a,11th Gen Intel(R) Core(TM) i7-11800H @ 2.30GHz,not a git repository,2026-09-30 17:58:02
market,BL1,1,1,collision,0,1,0,0,14.4500000000001,45.8863542389898,3.17328474042077,0,0,0,12.9648255752886,3.25606296562507,28.2075938263217,0.0794397021055634,0.00371643981991359,0,0,0,0,149.8929,269.43835,544.5593,0.744827586206897,44.9892,53.006025,101.336,222.065325,0,0,0,0,0,0,1.1649,1.83895,0.0012,0.001625,0.082,0.1625,0.0395000000000039,29.9043027,33.890625,0,0,1,2026a,11th Gen Intel(R) Core(TM) i7-11800H @ 2.30GHz,not a git repository,2026-09-30 17:58:31
market,BL1,2,1,collision,0,1,0,0,1.95,8.83973472455753,4.53577104810121,0,0,0,61.0383096376166,2.88723598642462,4,0.114831064322552,0.00452840094235558,0,0,0,0,138.2413,348.1708,528.6512,0.95,40.2319,55.54995,97.52105,292.19595,0,0,0,0,0,0,0.98775,1.32665,0.00105,0.00175,0.0615,0.08135,0.0392499999999956,3.4238854,4.25,0,0,1,2026a,11th Gen Intel(R) Core(TM) i7-11800H @ 2.30GHz,not a git repository,2026-09-30 17:58:35
market,BL2,1,1,collision,0,1,0,0,4.44999999999999,6.38890365006108,1.44158425564726,0,1.48693459255931,0,52.6325872308568,2.69599789593852,4,0.50576921965739,0.150965611264153,0,0,7,0,70.0225,193.568525,548.3691,0.955555555555556,27.7743,41.388125,28.3079,123.282825,0.4863,0.8235,0.3242,0.499825,10.9337,12.897775,0.8926,1.764275,0.002,0.002725,4.8618,17.4072,0.0477000000000203,6.4460737,9.796875,0,0,1,2026a,11th Gen Intel(R) Core(TM) i7-11800H @ 2.30GHz,not a git repository,2026-09-30 17:58:41
market,BL2,2,1,collision,0,1,0,0,7.54999999999998,20.46095582462,2.70628973693655,0,1.65654417779909,0,50.6780286647041,3.25811547741578,4,0.76689182779178,0.0551865084399938,0,0,0,0,105.90705,146.81902,593.8638,0.986842105263158,33.8144,42.47677,54.0775,84.05303,0.4288,0.54313,0.17565,0.27505,10.4182,11.48944,0.8944,1.35392,0.0015,0.00207,7.86385,15.09976,0.0460499999999939,8.7787109,15.375,0,0,1,2026a,11th Gen Intel(R) Core(TM) i7-11800H @ 2.30GHz,not a git repository,2026-09-30 17:58:50
market,BL3,1,1,collision,0,1,0,0,6.44999999999999,5.52262539696649,0.829710545725614,0,0,0,52.9765617416707,16.7676545956068,140,0.146188205349075,0.0682160165288854,1,0,0,2,228.9896,272.562025,779.4345,0.276923076923077,40.7486,46.166425,123.1163,181.175075,1.0718,1.6954,0.2902,0.44075,12.4669,13.62595,1.5605,2.002475,8.3286,83.27575,19.9959,42.833625,0.0477999999999668,17.4725107,24.375,0,0,1,2026a,11th Gen Intel(R) Core(TM) i7-11800H @ 2.30GHz,not a git repository,2026-09-30 17:59:08
market,BL3,2,1,collision,0,1,0,0,12.45,20.451156121185,1.64378071551715,0,2.18866507736456,0,50.2177276012761,2.21971685699117,4,0.208696230198498,0.0527621716896879,0,0,0,20,112.1553,213.171975,589.9701,0.928,33.2081,40.5811,45.8711,85.3138,0.5373,1.0002,0.149,0.26625,10.4438,12.18545,0.8591,1.3867,3.9079,68.618225,13.8384,28.677225,0.047300000000007,16.5482019,28.734375,0,0,1,2026a,11th Gen Intel(R) Core(TM) i7-11800H @ 2.30GHz,not a git repository,2026-09-30 17:59:24
market,-riskmap,1,1,collision,0,1,0,0,6.49999999999998,5.3396558235591,0.821321549495215,0,0,0,53.1211962587306,2.22853778376982,9.41214010537658,0.0982994276916707,0.0307413220130524,0,1,7,1,152.4047,235.192925,576.8425,0.815384615384615,33.7571,43.560175,63.9067,101.32715,0.75,1.125025,0.2654,0.514625,11.8451,13.437375,1.1429,1.535025,8.1161,66.853575,14.349,37.87835,0.046100000000024,12.4463144,18.15625,0,0,1,2026a,11th Gen Intel(R) Core(TM) i7-11800H @ 2.30GHz,not a git repository,2026-09-30 17:59:37
market,-riskmap,2,1,collision,0,1,0,0,5.59999999999999,6.08403337601674,1.08656131679,0,0,0,63.7888365805712,2.54071360060321,8.81882379248402,0.088141102104493,0.0200935580523984,0,0,0,5,215.9418,314.64232,741.4678,0.392857142857143,40.1718,44.05804,99.50565,125.95009,0.70645,0.9273,0.25255,0.33673,11.8617,13.29257,1.09215,1.45577,65.23515,160.5348,16.91755,29.30193,0.0472500000000196,13.1925828,19.5,0,0,1,2026a,11th Gen Intel(R) Core(TM) i7-11800H @ 2.30GHz,not a git repository,2026-09-30 17:59:50
market,-classpriors,1,1,collision,0,1,0,0,9.90000000000001,5.00134241668854,0.503465506904449,0,0,0,53.3334438083879,1.62161554371004,8.28561036157616,0.161316626225894,0.0232575723122661,0,2,8,5,191.738,266.803635,573.2074,0.606060606060606,40.0453,44.626925,114.632,203.074385,0.5095,0.910575,0.2386,0.43444,11.424,13.280375,1.0027,1.65565,5.413,39.80393,4.9852,33.008545,0.0428999999999746,23.0638067,32.328125,0,0,1,2026a,11th Gen Intel(R) Core(TM) i7-11800H @ 2.30GHz,not a git repository,2026-09-30 18:00:13
market,-classpriors,2,1,collision,0,1,0,0,12.15,20.06485023268,1.65455073071058,0,2.16899051622002,0,50.4300662717509,2.5634538821077,4,0.221786299622856,0.0557990396126297,0,0,0,3,149.7582,334.27858,735.4884,0.647540983606557,35.9555,42.22836,50.75045,97.87736,0.51355,0.71368,0.20235,0.31836,11.22435,12.42136,1.01745,1.53446,33.1687,164.29194,18.63995,26.50808,0.0468500000000063,24.2179867,38.46875,0,0,1,2026a,11th Gen Intel(R) Core(TM) i7-11800H @ 2.30GHz,not a git repository,2026-09-30 18:00:37
market,-uncertainty,1,1,collision,0,1,0,0,6.09999999999999,5.69546461334198,0.934665998508782,0,0,0,52.8684106719578,2.13792781183231,7.78417363915612,0.113488771305235,0.068805818424313,0,1,4,3,145.729,239.447685,560.8039,0.836065573770492,36.0137,42.83361,73.8247,113.456775,0.4559,0.62782,0.3633,0.50448,11.3702,12.733585,1.2911,1.694865,4.3158,44.25198,16.7207,34.640635,0.0471999999999753,11.5129422,16.40625,0,0,1,2026a,11th Gen Intel(R) Core(TM) i7-11800H @ 2.30GHz,not a git repository,2026-09-30 18:00:49
market,-uncertainty,2,1,collision,0,1,0,0,11.25,20.499638357825,1.82289957982787,0,2.26942016391417,0,50.6469587745539,1.81976989296306,4,0.216835080174434,0.0706274035238557,0,0,0,19,123.2506,247.421875,645.9824,0.84070796460177,34.637,42.191015,52.8329,99.953165,0.2739,0.446185,0.138,0.27805,9.8841,11.083535,0.9634,1.365665,3.6786,73.045295,15.257,27.61647,0.0469000000000221,16.8422059,26.6875,0,0,1,2026a,11th Gen Intel(R) Core(TM) i7-11800H @ 2.30GHz,not a git repository,2026-09-30 18:01:06
market,-context,1,1,collision,0,1,0,0,6.89999999999998,5.37538411591232,0.753792203892883,0,0,0,53.1362709636213,16.81772011233,140,0.0397894812361546,0.03206108526245,1,2,8,3,191.5837,227.248585,571,0.666666666666667,40.1046,44.75631,103.9558,138.245635,0.884,1.08624,0.3837,0.53083,12.5477,13.944185,1.5634,1.963145,7.2103,40.19163,7.69,30.971775,0.0468999999999937,16.2781888,24.078125,0,0,1,2026a,11th Gen Intel(R) Core(TM) i7-11800H @ 2.30GHz,not a git repository,2026-09-30 18:01:22
market,-context,2,1,collision,0,1,0,0,20.8500000000002,19.9817532906313,0.9591998542251,0,2.22896453001975,0,50.2661073395596,2.31260502889407,7.02670183462506,0.109906114039781,0.0216578661486112,0,1,1,14,141.6857,242.209215,722.7965,0.84688995215311,40.0289,44.11436,48.3062,93.39625,0.6207,0.86655,0.207,0.32085,10.8579,12.698365,0.9752,1.43112,12.2411,85.306535,14.1405,20.744885,0.046299999999988,33.9196774,55.75,0,0,1,2026a,11th Gen Intel(R) Core(TM) i7-11800H @ 2.30GHz,not a git repository,2026-09-30 18:01:56
market,-wrongside,1,1,collision,0,1,0,0,6.79999999999998,5.43109201261495,0.771847625539129,0,0,0,53.3918710260168,15.7676135463158,140,0.138723753163955,0.0627281278922763,1,1,7,2,145.4683,239.70749,564.6567,0.852941176470588,34.10445,42.33258,51.76185,101.19144,0.74135,1.08089,0.26895,0.5106,11.31775,12.93387,1.14105,1.55087,8.18645,61.1513,16.52975,41.07218,0.0426000000000073,12.4605132,17.9375,0,0,1,2026a,11th Gen Intel(R) Core(TM) i7-11800H @ 2.30GHz,not a git repository,2026-09-30 18:02:08
market,-wrongside,2,1,collision,0,1,0,0,5.89999999999999,5.8723947000086,0.996171369517809,0,0,0,63.9963696647954,2.54530052134946,7.94159963285576,0.085158365343789,0.0190500272023885,0,0,0,7,214.7131,313.783105,722.4566,0.389830508474576,39.1999,44.310745,90.7783,127.12322,0.6567,0.87185,0.2359,0.294665,11.6647,12.73202,1.0033,1.44702,63.6509,160.41655,16.1305,28.84463,0.0466000000000122,13.5417517,21.546875,0,0,1,2026a,11th Gen Intel(R) Core(TM) i7-11800H @ 2.30GHz,not a git repository,2026-09-30 18:02:22
cattle,PROPOSED,1,1,goal,1,0,0,0,56.5499999999989,285.906012788429,5.05309803053533,1.6608543017778,1.39294195308701,2,0,8.30802417937521,154.276241370862,0.329332122678217,0.022043036398838,2,0,3,126,42.47665,97.2385799999999,555.8924,0.998233215547703,12.5828,19.61788,13.9905,41.271,0.3886,0.76594,0.0735,0.20064,4.5484,6.49756,0.5791,1.11182,0.0057,14.9488,6.6257,14.67128,0.0456000000000003,31.9074175,52.046875,0,0,1,2026a,11th Gen Intel(R) Core(TM) i7-11800H @ 2.30GHz,not a git repository,2026-09-30 18:02:54
cattle,PROPOSED,2,1,collision,0,1,0,0,13.7500000000001,107.027204775254,7.75792018484964,0,0,0,1.47001256259245,12.7162789210476,149.744182629231,0.472541713571809,0.0335460764728154,1,0,3,36,44.5383,127.5776,490.8112,0.992753623188406,13.24065,21.8434,15.72825,66.64168,0.5632,0.73646,0.0936,0.23308,5.1485,6.74448,0.9261,1.23156,0.00595,36.1122399999999,7.9143,11.13896,0.0460499999999939,8.5716674,14.828125,0,0,1,2026a,11th Gen Intel(R) Core(TM) i7-11800H @ 2.30GHz,not a git repository,2026-09-30 18:03:02
cattle,BL1,1,1,goal,1,0,0,0,45.4999999999996,285.652238750331,6.27981335592032,0.243192851522845,0.435238694778216,0,0.924105431438031,1.8938298389956,41.1183123140341,0.174177024663269,0.00353003680442346,0,0,0,0,13.0272,52.51305,462.073,0.997802197802198,8.4531,17.700575,3.9008,33.22465,0,0,0,0,0,0,0.2308,0.8011,0.0013,0.002,0.0278,0.075425,0.0321999999999996,15.2098583,20.03125,0,0,1,2026a,11th Gen Intel(R) Core(TM) i7-11800H @ 2.30GHz,not a git repository,2026-09-30 18:03:18
cattle,BL1,2,1,goal,1,0,0,0,45.3499999999996,285.381591355992,6.29412951019144,0.943672741593794,0.802321662075486,1,0,1.89922005409627,44.6031102483378,0.188602747659759,0.00307590062234577,0,0,0,0,9.12595,58.4823,461.2935,0.997797356828194,6.34255,17.80948,2.85805,41.60842,0,0,0,0,0,0,0.11685,0.68516,0.0013,0.002,0.02145,0.07318,0.0319000000000003,12.1053251,17.078125,0,0,1,2026a,11th Gen Intel(R) Core(TM) i7-11800H @ 2.30GHz,not a git repository,2026-09-30 18:03:30
cattle,BL2,1,1,goal,1,0,0,0,55.299999999999,285.70038554386,5.16927491414168,1.32004204549941,0.867204752593234,0,0.515181067114357,2.23096863986461,9.09293469866022,0.485204323316003,0.0424525745056019,0,0,2,0,29.2369,71.550675,482.3688,0.998191681735985,10.704,17.294,8.1152,41.336305,0.1761,0.35791,0.0704,0.176985,4.2856,5.55778,0.4157,0.83622,0.0014,0.0021,3.8018,7.712125,0.0434000000000019,24.4105461,39.375,0,0,1,2026a,11th Gen Intel(R) Core(TM) i7-11800H @ 2.30GHz,not a git repository,2026-09-30 18:03:54
cattle,BL2,2,1,collision,0,1,0,0,23.1500000000002,126.22929835874,5.45370359143708,0,0,0,0.0763053173533885,2.19856216971505,24.7308533391652,0.361762821879627,0.0163331524344982,0,0,4,0,36.0463,51.10876,469.6402,0.995689655172414,12.2654,16.28806,13.5551,23.94971,0.2324,0.44842,0.07685,0.26978,4.3729,5.69377,0.57495,0.93586,0.0014,0.0022,4.3408,8.68889999999999,0.0447999999999986,9.5351397,16.671875,0,0,1,2026a,11th Gen Intel(R) Core(TM) i7-11800H @ 2.30GHz,not a git repository,2026-09-30 18:04:04
cattle,BL3,1,1,goal,1,0,0,0,64.0499999999985,288.526757800956,4.4807948858762,0.784790139445573,1.54811141596815,2,0,19.2290256903601,190,0.311052950594529,0.0109246690251374,10,0,1,126,28.2732,93.6775099999999,473.9283,0.989079563182527,9.6151,18.194095,5.6805,38.08213,0.2867,0.761739999999999,0.0665,0.161335,4.1243,5.929045,0.5036,1.02965,0.0055,9.19188499999999,5.7104,13.256245,0.0439000000000078,31.1767977,45.328125,0,0,1,2026a,11th Gen Intel(R) Core(TM) i7-11800H @ 2.30GHz,not a git repository,2026-09-30 18:04:35
cattle,BL3,2,1,collision,0,1,0,0,13.8500000000001,108.235983483074,7.78953785394947,0,0,0,1.07538256859522,12.3200418511437,142.386681392422,0.445272604875823,0.00287888644842761,1,0,1,26,43.4666,120.156435,496.8567,0.992805755395683,13.3381,21.74881,15.5518,61.613995,0.6217,0.945585,0.0881,0.25476,4.7932,6.047455,0.8724,1.244195,0.0056,25.3758449999999,5.8321,21.838975,0.0466000000000122,8.4401661,13.859375,0,0,1,2026a,11th Gen Intel(R) Core(TM) i7-11800H @ 2.30GHz,not a git repository,2026-09-30 18:04:43
cattle,-riskmap,1,1,goal,1,0,0,0,50.1999999999993,285.41425204842,5.68158778742944,0.747134702917318,1.8320839195189,2,0,7.94278991799591,132.782752733908,0.358496514727276,0.0104323134593771,2,0,8,113,29.3113,87.40166,484.1572,0.99800796812749,10.0823,20.15934,6.85325,37.62482,0.2267,0.68778,0.06665,0.22258,4.29095,6.5725,0.51965,1.19998,0.00555,9.8153,5.57295,15.71022,0.0444000000000031,24.2592207,37.734375,0,0,1,2026a,11th Gen Intel(R) Core(TM) i7-11800H @ 2.30GHz,not a git repository,2026-09-30 18:05:08
cattle,-riskmap,2,1,collision,0,1,0,0,13.5500000000001,112.742912178632,8.29970788547073,0,0,0,1.45565688735559,11.406981643752,140,0.458968519501265,0.00243204431081807,1,0,3,31,41.78645,106.47097,487.6002,0.992647058823529,13.5307,21.64239,14.7297,63.60907,0.4375,0.73815,0.0867,0.22378,4.9954,6.75737,0.8543,1.25497,0.0058,14.57146,5.2492,9.28966,0.0476499999999973,7.7175475,14.15625,0,0,1,2026a,11th Gen Intel(R) Core(TM) i7-11800H @ 2.30GHz,not a git repository,2026-09-30 18:05:15
cattle,-classpriors,1,1,goal,1,0,0,0,40.9999999999998,285.515375794085,6.95941045832387,0.819178822438138,1.0324584662196,2,0,9.44895301525734,142,0.424880461784136,0.00824958639349503,2,0,4,89,33.93825,100.023,481.8596,0.997560975609756,11.61225,19.6823,11.06585,42.5739,0.2025,0.4924,0.0678,0.2159,4.18005,6.2821,0.52815,1.1335,0.0055,16.2957,4.34545,11.0326,0.0447000000000077,21.3528982,34.515625,0,0,1,2026a,11th Gen Intel(R) Core(TM) i7-11800H @ 2.30GHz,not a git repository,2026-09-30 18:05:37
cattle,-classpriors,2,1,collision,0,1,0,0,13.6500000000001,107.951663677983,7.88377587960889,0,0,0,1.13274568445076,12.3503804740322,141.636657261168,0.433227281753548,0.00221306562172026,1,0,5,38,43.876,113.225625,505.293,0.992700729927007,13.3544,21.451815,16.0536,63.15031,0.3774,0.49686,0.0903,0.21252,4.7354,6.613065,0.8734,1.18353,0.0057,15.848285,6.1013,9.285345,0.0457999999999927,7.9207792,13.75,0,0,1,2026a,11th Gen Intel(R) Core(TM) i7-11800H @ 2.30GHz,not a git repository,2026-09-30 18:05:45
cattle,-uncertainty,1,1,goal,1,0,0,0,43.3499999999997,285.631394858264,6.58344641147658,0.819178822438138,1.71614602094845,2,0,12.1563551873423,190,0.399730473721692,0.00718557077126017,3,0,4,101,28.1192,99.7705199999998,487.9782,0.997695852534562,10.8587,19.62956,5.8125,42.0013,0.13355,0.30758,0.066,0.21406,4.0174,5.6795,0.5114,1.1367,0.0056,15.45816,4.1464,10.49952,0.0444499999999959,21.3868559,32.53125,0,0,1,2026a,11th Gen Intel(R) Core(TM) i7-11800H @ 2.30GHz,not a git repository,2026-09-30 18:06:06
cattle,-uncertainty,2,1,collision,0,1,0,0,13.9500000000001,108.004158192875,7.71483782504584,0,0,0,1.13274568445076,12.2168589246803,141.636657261168,0.439208883770233,0.0285403473108559,1,0,9,41,43.30055,108.3235,474.4698,0.992857142857143,13.34515,21.65705,16.1623,62.7974,0.2551,0.35535,0.08865,0.28955,4.65435,5.89255,0.9328,1.24195,0.00575,14.9566,6.2484,9.685,0.0455999999999968,8.1314428,13.265625,0,0,1,2026a,11th Gen Intel(R) Core(TM) i7-11800H @ 2.30GHz,not a git repository,2026-09-30 18:06:14
cattle,-context,1,1,goal,1,0,0,0,65.8999999999984,287.133016907529,4.34506332195345,1.20515622724406,1.81795211382991,2,0,9.95711707605962,170.752353367624,0.242552981547294,0.0201806646666956,4,0,8,134,35.0141,98.2389299999998,483.3435,0.998482549317147,10.9143,17.836675,9.7138,36.19945,0.2942,0.61283,0.068,0.211055,4.3239,6.418815,0.5255,1.029025,0.0055,28.72406,6.2101,12.58269,0.0456000000000074,34.1390635,52.734375,0,0,1,2026a,11th Gen Intel(R) Core(TM) i7-11800H @ 2.30GHz,not a git repository,2026-09-30 18:06:48
cattle,-context,2,1,goal,1,0,0,0,69.3999999999982,286.184054686182,4.12162070221697,1.18232525661605,1.53442803591419,1,0,5.9953771797016,144.461489975855,0.295405018169494,0.0260206968161789,1,0,4,134,28.21365,66.7322,480.9159,0.998559077809798,10.3662,16.41908,5.72875,28.52126,0.2267,0.5971,0.0621,0.1594,3.99925,5.77936,0.50635,0.94808,0.0057,11.73024,5.3464,11.02784,0.0456999999999983,25.000427,44.15625,0,0,1,2026a,11th Gen Intel(R) Core(TM) i7-11800H @ 2.30GHz,not a git repository,2026-09-30 18:07:13
cattle,-wrongside,1,1,goal,1,0,0,0,41.7999999999998,285.454004449528,6.8235492445848,1.09602385621868,2.3166274840846,2,0,9.06078284237606,140,0.342818228104254,0.0123988242452352,2,0,5,90,30.4639,79.53912,492.1642,0.997607655502392,11.10975,19.33686,7.13115,34.99938,0.23025,0.60416,0.0669,0.22034,4.01125,6.15422,0.50345,1.08962,0.0055,10.23708,5.60275,13.5139,0.0445999999999955,20.4254584,31.09375,0,0,1,2026a,11th Gen Intel(R) Core(TM) i7-11800H @ 2.30GHz,not a git repository,2026-09-30 18:07:34
cattle,-wrongside,2,1,collision,0,1,0,0,13.9000000000001,110.051129670242,7.88693407617505,0,0,0,1.45565688735559,11.9742142728771,140,0.465594875322484,0.00365345757301125,1,0,4,33,41.2266,120.427565,497.5563,0.992805755395683,13.207,20.69421,13.9593,68.1888,0.4268,0.834165,0.0848,0.2456,4.8489,7.176425,0.8486,1.244415,0.0058,15.74333,6.7684,14.31237,0.0458000000000069,8.3613812,13.78125,0,0,1,2026a,11th Gen Intel(R) Core(TM) i7-11800H @ 2.30GHz,not a git repository,2026-09-30 18:07:42
