scenario,config,n,completionRate,wilsonLo,wilsonHi,collisions,timeouts,offroad,completionTime_mean,completionTime_std,meanSpeed_mean,meanSpeed_std,minClearance_mean,minClearance_std,minTTC_mean,minTTC_std,jerkRMS_mean,jerkRMS_std,emergencyBrakes_mean,emergencyBrakes_std,latencyP50_mean,latencyP50_std,latencyP95_mean,latencyP95_std
cattle,-classpriors,2,0.5,0.0945312057342307,0.905468794265769,1,0,0,27.3249999999999,19.3393704654519,7.42159316896638,0.653625057684998,0.409589411219069,0.579246900350418,0.516229233109801,0.730058382757343,10.8996667446448,2.05161903122054,1.5,0.707106781186548,38.907125,7.02705041473661,106.6243125,9.33566566696305
cattle,-context,2,1,0.342380227506653,1,0,0,0,67.6499999999983,2.47487373415278,4.23334201208521,0.157997791621749,1.19374074193006,0.0161439341521376,1.67619007487205,0.200481798123875,7.97624712788061,2.80137314601204,2.5,2.12132034355964,31.613875,4.80864431012006,82.4855649999999,22.2786224360135
cattle,-riskmap,2,0.5,0.0945312057342307,0.905468794265769,1,0,0,31.8749999999997,25.9154635304864,6.99064783645009,1.85129047528579,0.373567351458659,0.528304014892632,0.916041959759451,1.29547896319464,9.67488578087397,2.44955346061248,1.5,0.707106781186548,35.548875,8.82126316131936,96.936315,13.4840384135484
cattle,-uncertainty,2,0.5,0.0945312057342307,0.905468794265769,1,0,0,28.6499999999999,20.7889393668842,7.14914211826121,0.800014540711057,0.409589411219069,0.579246900350418,0.858073010474223,1.21349848891896,12.1866070560113,0.042782602958873,2,1.4142135623731,35.709875,10.7348355325664,104.04701,6.04787015735306
cattle,-wrongside,2,0.5,0.0945312057342307,0.905468794265769,1,0,0,27.8499999999999,19.7282791951045,7.35524166037993,0.751926625428383,0.548011928109338,0.775005901074455,1.1583137420423,1.63810300347935,10.5174985576266,2.06010712102928,1.5,0.707106781186548,35.84525,7.61037815387646,99.9833425,28.9124967316732
cattle,BL1,2,1,0.342380227506653,1,0,0,0,45.4249999999996,0.106066017177976,6.28697143305588,0.0101230497656232,0.59343279655832,0.495314080353976,0.618780178426851,0.25956685543398,1.89652494654594,0.00381145764973911,0,0,11.076575,2.75860033010402,55.497675,4.22089715359779
cattle,BL2,2,0.5,0.0945312057342307,0.905468794265769,1,0,0,39.2249999999996,22.7334830151467,5.31148925278938,0.201121446479495,0.660021022749703,0.933410681823991,0.433602376296617,0.613206361235878,2.21476540478983,0.022914834797075,0,0,32.6416,4.81497291581168,61.3297175,14.454616716939
cattle,BL3,2,0.5,0.0945312057342307,0.905468794265769,1,0,0,38.9499999999993,35.4967604155636,6.13516636991283,2.33963458992792,0.392395069722786,0.554930429410301,0.774055707984077,1.09468008026339,15.7745337707519,4.88538932381819,5.5,6.36396103067893,35.8699,10.7433561692797,106.9169725,18.7234274260299
cattle,PROPOSED,2,0.5,0.0945312057342307,0.905468794265769,1,0,0,35.1499999999995,30.2641702347834,6.40550910769249,1.91259808721926,0.830427150888902,1.17440133934993,0.696470976543507,0.984958700827061,10.5121515502114,3.11710682103429,1.5,0.707106781186548,43.507475,1.45780669543325,112.40809,21.4529267765543
highway,-classpriors,2,1,0.342380227506653,1,0,0,0,47.4499999999994,1.55563491861032,8.06512144008337,0.269890519125533,4.84474085110633,1.12328938658202,4.38618156300637,0.413012459494797,4.98580016597712,2.91190193346716,1,1.4142135623731,67.289275,11.7711005203953,145.775305,24.8585298114441
highway,-context,2,1,0.342380227506653,1,0,0,0,54.974999999999,0.0353553390593254,6.94935050807281,0.0055147118361618,39.4727776859476,6.6785477788574,8.84877162124516,1.62808278662388,1.56131606902403,0.175388360231621,0,0,30.159975,1.96324662262539,95.5785,3.08199561647968
highway,-riskmap,2,1,0.342380227506653,1,0,0,0,46.4749999999995,0.601040764008531,8.23362924469452,0.105059524426237,3.41732560442383,0.912003124006636,4.45335136182005,0.882201465558711,7.23604286050502,0.154602286192024,2.5,0.707106781186548,94.41995,1.4896618559257,166.7742325,11.7114030303936
highway,-uncertainty,2,1,0.342380227506653,1,0,0,0,47.5499999999994,1.34350288425436,8.04972016453481,0.220538365649889,3.83960080607461,0.0121986939647335,4.12570184539509,0.78984838090981,6.99965207017015,0.579292197488604,2.5,0.707106781186548,73.08585,10.6510787343348,123.1632425,26.3770875859829
highway,-wrongside,2,1,0.342380227506653,1,0,0,0,47.3249999999994,2.15667568261885,8.09377227336646,0.367998422768298,2.17746472225194,0.546667994680425,4.14455426812676,0.0668821378341054,8.0284611598007,0.491813158471547,2.5,0.707106781186548,95.361575,10.7484119827652,162.42483,25.42907305998
highway,BL1,2,1,0.342380227506653,1,0,0,0,53.9999999999991,0,7.07082978294311,0,39.4564646912043,6.7045078970039,10,0,0.578901132802086,0,0,0,27.22925,0.0258093975133116,74.8477,0.146158971671268
highway,BL2,2,1,0.342380227506653,1,0,0,0,54.1749999999991,0.106066017177976,7.06174663019471,0.00339453937026549,39.471633900229,6.68016533613306,8.86642535143644,1.6031166419609,0.714496228652653,0.00711888890305647,0,0,38.47865,3.85917667968182,90.1612925,15.0175868518484
highway,BL3,2,1,0.342380227506653,1,0,0,0,45.6499999999995,1.48492424049167,8.43297239318585,0.294670529542422,3.34909099983228,0.412644737592729,6.34934019429512,5.16281260883817,8.11059815038101,3.06747644452286,3.5,3.53553390593274,88.290775,3.92928631703647,160.130565,24.7009864205957
highway,PROPOSED,2,1,0.342380227506653,1,0,0,0,47.3249999999994,2.15667568261885,8.09377227336646,0.367998422768298,2.17746472225194,0.546667994680425,4.14455426812676,0.0668821378341054,8.0284611598007,0.491813158471547,2.5,0.707106781186548,96.824475,12.3753232649192,162.2196,24.9025189243017
intersection,-classpriors,2,1,0.342380227506653,1,0,0,0,52.8499999999991,32.1733585439862,2.34521723511187,1.42580483240033,0.604093603170785,0.816355351250878,0.831495575156226,0.822358928845878,4.81394168917546,4.65660070953447,0.5,0.707106781186548,110.91875,26.4059835045961,270.97799,25.3811877887581
intersection,-context,2,0.5,0.0945312057342307,0.905468794265769,1,0,0,21.5500000000002,14.3542676580871,3.37986515102047,0.282974312691104,0.62374827140571,0.882113264928729,0.835486254069022,1.18155599168071,10.3025870244714,3.00808608307718,1,0,130.7516,80.512168055394,297.2021275,4.41626015063798
intersection,-riskmap,2,1,0.342380227506653,1,0,0,0,33.3250000000002,2.0859650045002,3.02952740718681,0.199456272079818,1.12709799179567,0.12017663750355,1.76701273301087,0.423162334325658,5.02392811050203,3.5248568415971,0.5,0.707106781186548,77.606325,31.8455084848908,295.5212575,5.56158221732907
intersection,-uncertainty,2,0,0,0.657619772493347,1,1,0,54.6749999999985,55.1189735934891,1.41741081532838,1.34092900917155,0.649581563899212,0.918647057533791,0.60866244954204,0.860778691049583,8.15287787600121,4.06822183652849,1,0,170.30145,51.3644487174252,276.6102425,37.7349549034528
intersection,-wrongside,2,0.5,0.0945312057342307,0.905468794265769,1,0,0,25.1000000000001,13.2228968081885,2.66044428913065,0.373388064677749,0.254922448580743,0.360514784136244,0.614268917896493,0.868707434633466,9.10838418700122,2.03382762228696,1,0,122.5948,102.779526280383,287.66076,5.55780273158376
intersection,BL1,2,0,0,0.657619772493347,2,0,0,10.5,4.73761543394992,5.15491465880721,2.16864425616851,0,0,0,0,2.3384587002061,1.02532053269844,0,0,150.68525,19.1210866020998,232.878185,43.800930529938
intersection,BL2,2,0,0,0.657619772493347,1,1,0,41.9499999999989,46.598336880192,3.1438751075823,3.56702553688603,0.603295228995314,0.853188294960155,0.46564206192357,0.658517319183685,2.0566163807579,1.13553462539108,0,0,106.505925,55.3976090206179,210.5169025,54.4842710111644
intersection,BL3,2,1,0.342380227506653,1,0,0,0,32.4250000000003,2.36880771697486,3.12306827574848,0.232398307360651,0.305859691575263,0.37875375155108,0.668546409183164,0.450492652112081,9.59649049235646,2.87759003350561,1.5,0.707106781186548,85.382725,9.91734938283664,312.0742775,3.39321805961716
intersection,PROPOSED,2,1,0.342380227506653,1,0,0,0,30.2750000000003,1.80312229202572,3.33436454289816,0.202864214469833,0.863947587290071,0.727903136622241,1.65315685173827,0.645294323716805,8.10270374115231,0.389317889768867,1,0,90.21685,30.5390226406314,305.359475,9.33136999326729
market,-classpriors,2,0,0,0.657619772493347,2,0,0,11.025,1.59099025766975,1.07900811880751,0.813940167476949,0,0,1.08449525811001,1.53370790234849,2.09253471290887,0.665980275862454,0,0,170.7481,29.684201252855,300.5411075,47.7119911696893
market,-context,2,0,0,0.657619772493347,2,0,0,13.8750000000001,9.86413959755246,0.856496029058992,0.145245142457505,0,0,1.11448226500987,1.57611593420125,9.56516257061202,10.2566652373888,0.5,0.707106781186548,166.6347,35.2832141676463,234.7289,10.5787629238229
market,-riskmap,2,0,0,0.657619772493347,2,0,0,6.04999999999999,0.636396103067891,0.953941433142606,0.187552838094483,0,0,0,0,2.38462569218651,0.220741637005335,0,0,184.17325,44.9275142669278,274.9176225,56.1792059656686
market,-uncertainty,2,0,0,0.657619772493347,2,0,0,8.67500000000001,3.64159992311075,1.37878278916833,0.62807598862834,0,0,1.13471008195708,1.60472238726519,1.97884885239768,0.224971621920645,0,0,134.4898,15.8946290702237,243.43478,5.63860382346995
market,-wrongside,2,0,0,0.657619772493347,2,0,0,6.34999999999999,0.636396103067891,0.884009497528469,0.15862084054848,0,0,0,0,9.15645703383264,9.34958720292492,0.5,0.707106781186548,180.0907,48.9634676419062,276.7452975,52.3793696870639
market,BL1,2,0,0,0.657619772493347,2,0,0,8.20000000000003,8.83883476483189,3.85452789426099,0.96342330743466,0,0,0,0,3.07164947602485,0.260800058077188,0,0,144.0671,8.23892537167318,308.804575,55.6722492944308
market,BL2,2,0,0,0.657619772493347,2,0,0,5.99999999999999,2.19203102167829,2.07393699629191,0.894281822023452,0,0,1.5717393851792,0.119932087877281,2.97705668667715,0.397477153686747,0,0,87.964775,25.3742086448277,170.1937725,33.0568920026144
market,BL3,2,0,0,0.657619772493347,2,0,0,9.45000000000001,4.24264068711933,1.23674563062138,0.575634537421282,0,0,1.09433253868228,1.54761991795066,9.49368572629899,10.2869454272548,0.5,0.707106781186548,170.57245,82.6143258051835,242.867,41.9951070900081
market,PROPOSED,2,0,0,0.657619772493347,2,0,0,6.82499999999998,0.813172798364527,0.769492658132236,0.186804322999261,0,0,0,0,8.96342611002845,9.2852906352189,0.5,0.707106781186548,202.4756,7.42122708990906,312.108275,46.938872434945
village,-classpriors,2,1,0.342380227506653,1,0,0,0,57.5999999999989,0.91923881554246,4.22470405716366,0.0609998148220726,0.345050007334313,0.00377849084925521,2.18097049241938,0.232092258063662,9.21088129602008,0.971610944459351,2.5,0.707106781186548,44.706975,13.637438158659,159.1438575,13.9006692645575
village,-context,2,0.5,0.0945312057342307,0.905468794265769,0,1,0,138.425000000001,55.2603949497355,1.44141890824081,1.42156009027356,0.318629310522721,0.288456358525794,1.45939708160082,0.420420479888201,4.30676334910505,2.00247528514927,1.5,0.707106781186548,92.8881,72.0998601009739,159.305125,24.7111546161091
village,-riskmap,2,0,0,0.657619772493347,0,2,0,177.500000000006,0,0.771666130114368,0.618181052915383,0.595432457242113,0.497501748955515,1.64227072366664,0.718771271767015,3.32677795967089,3.51621999908444,1.5,2.12132034355964,110.766,118.550553085256,191.696725,148.877726534243
village,-uncertainty,2,0,0,0.657619772493347,0,2,0,177.500000000006,0,0.474645981471341,0.0182761502150041,0.643956641833027,0.219193040883259,1.3536322233444,0.0387516400898557,4.95142138979381,0.369154482381199,2,0,116.12365,26.0131149769688,169.9937375,12.0746084285501
village,-wrongside,2,0,0,0.657619772493347,0,2,0,177.500000000006,0,0.468145312551481,0.0433569199727423,0.845663569813076,0.349048921515512,1.26269216810533,0.156843473402357,3.36392347761278,0.268057507496374,1,0,126.95695,6.24608633025514,166.8009625,8.20737073156271
village,BL1,2,0,0,0.657619772493347,2,0,0,6.24999999999999,0.212132034355964,6.93085019222286,0.00606970086327739,0,0,0,0,1.07259833431387,0.102669548992368,0,0,31.664275,1.60410708846074,61.8272575,13.2013901554387
village,BL2,2,0.5,0.0945312057342307,0.905468794265769,0,1,0,116.050000000003,86.9034234078317,2.50227926019356,2.78925809615761,0.799579628931946,0.807195295560836,0.956782041541789,1.0702514269088,1.69821125524266,1.31586649417189,0,0,86.44325,57.7435418332215,158.338125,47.504458864945
village,BL3,2,0,0,0.657619772493347,0,2,0,177.500000000006,0,0.455970760470388,0.0138849973808048,0.662657120391613,0.185102214207023,1.23255181098993,0.121932516809079,4.99613357285501,0.470766518429237,2.5,0.707106781186548,145.74645,4.97145564648826,200.431925,5.80831652202252
village,PROPOSED,2,0.5,0.0945312057342307,0.905468794265769,0,1,0,138.425000000001,55.2603949497355,1.44141890824081,1.42156009027356,0.318629310522721,0.288456358525794,1.45939708160082,0.420420479888201,4.30676334910505,2.00247528514927,1.5,0.707106781186548,107.3931,68.7586391385112,213.972725,42.899638084502
